plantID,pop,year,trt_Open,nFlrs,nFrts,frtSet,corL,sp,majorPollinator,majorPollPeriod,latN,lonW,visTotal
QL1,CQL,2019,night,4,1,0.25,short,C,bumble_lg_bee,diurnal,33.20647,-98.15727,104
QL10,CQL,2019,night,9,0,0,short,C,bumble_lg_bee,diurnal,33.20647,-98.15727,104
QL11,CQL,2019,day,12,5,0.416666667,short,C,bumble_lg_bee,diurnal,33.20647,-98.15727,104
QL12,CQL,2019,day,2,1,0.5,short,C,bumble_lg_bee,diurnal,33.20647,-98.15727,104
QL13,CQL,2019,day,48,13,0.270833333,short,C,bumble_lg_bee,diurnal,33.20647,-98.15727,104
QL14,CQL,2019,day,7,0,0,short,C,bumble_lg_bee,diurnal,33.20647,-98.15727,104
QL15,CQL,2019,day,17,0,0,short,C,bumble_lg_bee,diurnal,33.20647,-98.15727,104
QL16,CQL,2019,day,8,0,0,short,C,bumble_lg_bee,diurnal,33.20647,-98.15727,104
QL17,CQL,2019,day,7,6,0.857142857,short,C,bumble_lg_bee,diurnal,33.20647,-98.15727,104
QL18,CQL,2019,day,29,16,0.551724138,short,C,bumble_lg_bee,diurnal,33.20647,-98.15727,104
QL2,CQL,2019,night,13,0,0,short,C,bumble_lg_bee,diurnal,33.20647,-98.15727,104
QL20,CQL,2019,day,8,1,0.125,short,C,bumble_lg_bee,diurnal,33.20647,-98.15727,104
QL22,CQL,2019,open,17,10,0.588235294,short,C,bumble_lg_bee,diurnal,33.20647,-98.15727,104
QL23,CQL,2019,open,6,3,0.5,short,C,bumble_lg_bee,diurnal,33.20647,-98.15727,104
QL24,CQL,2019,open,12,6,0.5,short,C,bumble_lg_bee,diurnal,33.20647,-98.15727,104
QL25,CQL,2019,open,3,0,0,short,C,bumble_lg_bee,diurnal,33.20647,-98.15727,104
QL26,CQL,2019,open,4,0,0,short,C,bumble_lg_bee,diurnal,33.20647,-98.15727,104
QL27,CQL,2019,open,2,0,0,short,C,bumble_lg_bee,diurnal,33.20647,-98.15727,104
QL28,CQL,2019,open,9,1,0.111111111,short,C,bumble_lg_bee,diurnal,33.20647,-98.15727,104
QL29,CQL,2019,open,15,9,0.6,short,C,bumble_lg_bee,diurnal,33.20647,-98.15727,104
QL3,CQL,2019,night,5,0,0,short,C,bumble_lg_bee,diurnal,33.20647,-98.15727,104
QL30,CQL,2019,open,28,0,0,short,C,bumble_lg_bee,diurnal,33.20647,-98.15727,104
QL4,CQL,2019,night,13,0,0,short,C,bumble_lg_bee,diurnal,33.20647,-98.15727,104
QL5,CQL,2019,night,18,4,0.222222222,short,C,bumble_lg_bee,diurnal,33.20647,-98.15727,104
QL6,CQL,2019,night,3,0,0,short,C,bumble_lg_bee,diurnal,33.20647,-98.15727,104
QL7,CQL,2019,night,6,0,0,short,C,bumble_lg_bee,diurnal,33.20647,-98.15727,104
QL8,CQL,2019,night,7,0,0,short,C,bumble_lg_bee,diurnal,33.20647,-98.15727,104
QL9,CQL,2019,night,7,5,0.714285714,short,C,bumble_lg_bee,diurnal,33.20647,-98.15727,104
VH1,LVH,2019,night,6,0,0,short,L,hummingbird,diurnal,30.2759,-97.8971,59
VH10,LVH,2019,night,16,0,0,short,L,hummingbird,diurnal,30.2759,-97.8971,59
VH11,LVH,2019,day,10,7,0.7,short,L,hummingbird,diurnal,30.2759,-97.8971,59
VH12,LVH,2019,day,13,8,0.615384615,short,L,hummingbird,diurnal,30.2759,-97.8971,59
VH13,LVH,2019,day,10,4,0.4,short,L,hummingbird,diurnal,30.2759,-97.8971,59
VH14,LVH,2019,day,10,8,0.8,short,L,hummingbird,diurnal,30.2759,-97.8971,59
VH15,LVH,2019,day,7,6,0.857142857,short,L,hummingbird,diurnal,30.2759,-97.8971,59
VH16,LVH,2019,day,7,5,0.714285714,short,L,hummingbird,diurnal,30.2759,-97.8971,59
VH17,LVH,2019,day,7,6,0.857142857,short,L,hummingbird,diurnal,30.2759,-97.8971,59
VH18,LVH,2019,day,6,0,0,short,L,hummingbird,diurnal,30.2759,-97.8971,59
VH19,LVH,2019,day,6,4,0.666666667,short,L,hummingbird,diurnal,30.2759,-97.8971,59
VH20,LVH,2019,day,11,8,0.727272727,short,L,hummingbird,diurnal,30.2759,-97.8971,59
VH21,LVH,2019,open,13,4,0.307692308,short,L,hummingbird,diurnal,30.2759,-97.8971,59
VH22,LVH,2019,open,7,5,0.714285714,short,L,hummingbird,diurnal,30.2759,-97.8971,59
VH23,LVH,2019,open,6,0,0,short,L,hummingbird,diurnal,30.2759,-97.8971,59
VH24,LVH,2019,open,5,0,0,short,L,hummingbird,diurnal,30.2759,-97.8971,59
VH25,LVH,2019,open,1,1,1,short,L,hummingbird,diurnal,30.2759,-97.8971,59
VH26,LVH,2019,open,8,7,0.875,short,L,hummingbird,diurnal,30.2759,-97.8971,59
VH28,LVH,2019,open,23,13,0.565217391,short,L,hummingbird,diurnal,30.2759,-97.8971,59
VH29,LVH,2019,open,4,2,0.5,short,L,hummingbird,diurnal,30.2759,-97.8971,59
VH30,LVH,2019,open,7,4,0.571428571,short,L,hummingbird,diurnal,30.2759,-97.8971,59
VH4,LVH,2019,night,8,4,0.5,short,L,hummingbird,diurnal,30.2759,-97.8971,59
VH5,LVH,2019,night,6,0,0,short,L,hummingbird,diurnal,30.2759,-97.8971,59
VH6,LVH,2019,night,11,2,0.181818182,short,L,hummingbird,diurnal,30.2759,-97.8971,59
VH7,LVH,2019,night,7,0,0,short,L,hummingbird,diurnal,30.2759,-97.8971,59
VH8,LVH,2019,night,12,2,0.166666667,short,L,hummingbird,diurnal,30.2759,-97.8971,59
VH9,LVH,2019,night,11,0,0,short,L,hummingbird,diurnal,30.2759,-97.8971,59
BL1,SBL,2019,night,22,12,0.545454545,long,S,hawkmoth,nocturnal,33.34243,-104.333,33
BL10,SBL,2019,night,12,8,0.666666667,long,S,hawkmoth,nocturnal,33.34243,-104.333,33
BL11,SBL,2019,day,4,0,0,long,S,hawkmoth,nocturnal,33.34243,-104.333,33
BL12,SBL,2019,day,5,0,0,long,S,hawkmoth,nocturnal,33.34243,-104.333,33
BL13,SBL,2019,day,8,0,0,long,S,hawkmoth,nocturnal,33.34243,-104.333,33
BL14,SBL,2019,day,6,0,0,long,S,hawkmoth,nocturnal,33.34243,-104.333,33
BL15,SBL,2019,day,29,0,0,long,S,hawkmoth,nocturnal,33.34243,-104.333,33
BL16,SBL,2019,day,14,0,0,long,S,hawkmoth,nocturnal,33.34243,-104.333,33
BL17,SBL,2019,day,5,0,0,long,S,hawkmoth,nocturnal,33.34243,-104.333,33
BL18,SBL,2019,day,5,0,0,long,S,hawkmoth,nocturnal,33.34243,-104.333,33
BL19,SBL,2019,day,13,0,0,long,S,hawkmoth,nocturnal,33.34243,-104.333,33
BL2,SBL,2019,night,22,5,0.227272727,long,S,hawkmoth,nocturnal,33.34243,-104.333,33
BL20,SBL,2019,day,20,0,0,long,S,hawkmoth,nocturnal,33.34243,-104.333,33
BL21,SBL,2019,open,18,14,0.777777778,long,S,hawkmoth,nocturnal,33.34243,-104.333,33
BL22,SBL,2019,open,12,9,0.75,long,S,hawkmoth,nocturnal,33.34243,-104.333,33
BL23,SBL,2019,open,9,4,0.444444444,long,S,hawkmoth,nocturnal,33.34243,-104.333,33
BL24,SBL,2019,open,12,6,0.5,long,S,hawkmoth,nocturnal,33.34243,-104.333,33
BL25,SBL,2019,open,3,0,0,long,S,hawkmoth,nocturnal,33.34243,-104.333,33
BL26,SBL,2019,open,5,1,0.2,long,S,hawkmoth,nocturnal,33.34243,-104.333,33
BL27,SBL,2019,open,50,2,0.04,long,S,hawkmoth,nocturnal,33.34243,-104.333,33
BL28,SBL,2019,open,8,4,0.5,long,S,hawkmoth,nocturnal,33.34243,-104.333,33
BL29,SBL,2019,open,8,2,0.25,long,S,hawkmoth,nocturnal,33.34243,-104.333,33
BL3,SBL,2019,night,7,3,0.428571429,long,S,hawkmoth,nocturnal,33.34243,-104.333,33
BL30,SBL,2019,open,15,8,0.533333333,long,S,hawkmoth,nocturnal,33.34243,-104.333,33
BL4,SBL,2019,night,7,2,0.285714286,long,S,hawkmoth,nocturnal,33.34243,-104.333,33
BL5,SBL,2019,night,7,4,0.571428571,long,S,hawkmoth,nocturnal,33.34243,-104.333,33
BL6,SBL,2019,night,10,5,0.5,long,S,hawkmoth,nocturnal,33.34243,-104.333,33
BL7,SBL,2019,night,14,7,0.5,long,S,hawkmoth,nocturnal,33.34243,-104.333,33
BL8,SBL,2019,night,6,0,0,long,S,hawkmoth,nocturnal,33.34243,-104.333,33
BL9,SBL,2019,night,13,6,0.461538462,long,S,hawkmoth,nocturnal,33.34243,-104.333,33
SCC12-5,SCC,2012,day,2,0,0,long,S,hawkmoth,nocturnal,37.967852,-104.8305504,119
SCC12-5,SCC,2012,bagged,2,0,0,long,S,hawkmoth,nocturnal,37.967852,-104.8305504,119
SCC12-48,SCC,2012,day,1,0,0,long,S,hawkmoth,nocturnal,37.967852,-104.8305504,119
SCC12-91,SCC,2012,day,3,0,0,long,S,hawkmoth,nocturnal,37.967852,-104.8305504,119
SCC12-91,SCC,2012,bagged,2,0,0,long,S,hawkmoth,nocturnal,37.967852,-104.8305504,119
SCC12-128,SCC,2012,day,2,0,0,long,S,hawkmoth,nocturnal,37.967852,-104.8305504,119
SCC12-128,SCC,2012,night,3,0,0,long,S,hawkmoth,nocturnal,37.967852,-104.8305504,119
SCC12-128,SCC,2012,bagged,5,0,0,long,S,hawkmoth,nocturnal,37.967852,-104.8305504,119
SCC12-129,SCC,2012,day,9,0,0,long,S,hawkmoth,nocturnal,37.967852,-104.8305504,119
SCC12-129,SCC,2012,bagged,10,0,0,long,S,hawkmoth,nocturnal,37.967852,-104.8305504,119
SCC12-133,SCC,2012,day,3,0,0,long,S,hawkmoth,nocturnal,37.967852,-104.8305504,119
SCC12-133,SCC,2012,bagged,2,0,0,long,S,hawkmoth,nocturnal,37.967852,-104.8305504,119
SCC12-134,SCC,2012,day,4,0,0,long,S,hawkmoth,nocturnal,37.967852,-104.8305504,119
SCC12-134,SCC,2012,bagged,5,0,0,long,S,hawkmoth,nocturnal,37.967852,-104.8305504,119
SCC12-135,SCC,2012,day,4,0,0,long,S,hawkmoth,nocturnal,37.967852,-104.8305504,119
SCC12-135,SCC,2012,bagged,2,0,0,long,S,hawkmoth,nocturnal,37.967852,-104.8305504,119
SCC12-136,SCC,2012,day,4,0,0,long,S,hawkmoth,nocturnal,37.967852,-104.8305504,119
SCC12-136,SCC,2012,bagged,4,0,0,long,S,hawkmoth,nocturnal,37.967852,-104.8305504,119
SCC12-137,SCC,2012,day,3,0,0,long,S,hawkmoth,nocturnal,37.967852,-104.8305504,119
SCC12-137,SCC,2012,night,4,0,0,long,S,hawkmoth,nocturnal,37.967852,-104.8305504,119
SCC12-137,SCC,2012,bagged,4,0,0,long,S,hawkmoth,nocturnal,37.967852,-104.8305504,119
SCC12-138,SCC,2012,bagged,2,0,0,long,S,hawkmoth,nocturnal,37.967852,-104.8305504,119
SCC12-139,SCC,2012,bagged,4,0,0,long,S,hawkmoth,nocturnal,37.967852,-104.8305504,119
SCC12-140,SCC,2012,day,4,0,0,long,S,hawkmoth,nocturnal,37.967852,-104.8305504,119
SCC12-140,SCC,2012,bagged,3,0,0,long,S,hawkmoth,nocturnal,37.967852,-104.8305504,119
SCC12-141,SCC,2012,day,5,0,0,long,S,hawkmoth,nocturnal,37.967852,-104.8305504,119
SCC12-141,SCC,2012,bagged,4,0,0,long,S,hawkmoth,nocturnal,37.967852,-104.8305504,119
SCC12-143,SCC,2012,day,3,0,0,long,S,hawkmoth,nocturnal,37.967852,-104.8305504,119
SCC12-143,SCC,2012,night,2,0,0,long,S,hawkmoth,nocturnal,37.967852,-104.8305504,119
SCC12-143,SCC,2012,bagged,3,0,0,long,S,hawkmoth,nocturnal,37.967852,-104.8305504,119
SCC12-144,SCC,2012,day,4,0,0,long,S,hawkmoth,nocturnal,37.967852,-104.8305504,119
SCC12-144,SCC,2012,bagged,3,0,0,long,S,hawkmoth,nocturnal,37.967852,-104.8305504,119
SCC12-145,SCC,2012,day,2,0,0,long,S,hawkmoth,nocturnal,37.967852,-104.8305504,119
SCC12-145,SCC,2012,bagged,2,0,0,long,S,hawkmoth,nocturnal,37.967852,-104.8305504,119
SCC12-146,SCC,2012,bagged,2,0,0,long,S,hawkmoth,nocturnal,37.967852,-104.8305504,119
SCC12-146,SCC,2012,open,2,0,0,long,S,hawkmoth,nocturnal,37.967852,-104.8305504,119
SCC12-147,SCC,2012,bagged,4,0,0,long,S,hawkmoth,nocturnal,37.967852,-104.8305504,119
SCC12-148,SCC,2012,bagged,3,0,0,long,S,hawkmoth,nocturnal,37.967852,-104.8305504,119
SCC12-149,SCC,2012,day,4,0,0,long,S,hawkmoth,nocturnal,37.967852,-104.8305504,119
SCC12-149,SCC,2012,bagged,4,0,0,long,S,hawkmoth,nocturnal,37.967852,-104.8305504,119
SCC12-150,SCC,2012,day,4,0,0,long,S,hawkmoth,nocturnal,37.967852,-104.8305504,119
SCC12-150,SCC,2012,bagged,4,0,0,long,S,hawkmoth,nocturnal,37.967852,-104.8305504,119
SCC12-151,SCC,2012,day,1,0,0,long,S,hawkmoth,nocturnal,37.967852,-104.8305504,119
SCC12-151,SCC,2012,bagged,3,0,0,long,S,hawkmoth,nocturnal,37.967852,-104.8305504,119
SCC12-139,SCC,2012,day,6,1,0.166666667,long,S,hawkmoth,nocturnal,37.967852,-104.8305504,119
SCC12-130,SCC,2012,bagged,5,1,0.2,long,S,hawkmoth,nocturnal,37.967852,-104.8305504,119
SCC12-131,SCC,2012,bagged,5,1,0.2,long,S,hawkmoth,nocturnal,37.967852,-104.8305504,119
SCC12-134,SCC,2012,night,5,1,0.2,long,S,hawkmoth,nocturnal,37.967852,-104.8305504,119
SCC12-6,SCC,2012,night,4,1,0.25,long,S,hawkmoth,nocturnal,37.967852,-104.8305504,119
SCC12-131,SCC,2012,night,4,1,0.25,long,S,hawkmoth,nocturnal,37.967852,-104.8305504,119
SCC12-136,SCC,2012,night,4,1,0.25,long,S,hawkmoth,nocturnal,37.967852,-104.8305504,119
SCC12-141,SCC,2012,night,4,1,0.25,long,S,hawkmoth,nocturnal,37.967852,-104.8305504,119
SCC12-142,SCC,2012,bagged,4,1,0.25,long,S,hawkmoth,nocturnal,37.967852,-104.8305504,119
SCC12-147,SCC,2012,day,4,1,0.25,long,S,hawkmoth,nocturnal,37.967852,-104.8305504,119
SCC12-150,SCC,2012,night,4,1,0.25,long,S,hawkmoth,nocturnal,37.967852,-104.8305504,119
SCC12-128,SCC,2012,open,3,1,0.333333333,long,S,hawkmoth,nocturnal,37.967852,-104.8305504,119
SCC12-130,SCC,2012,day,3,1,0.333333333,long,S,hawkmoth,nocturnal,37.967852,-104.8305504,119
SCC12-138,SCC,2012,day,3,1,0.333333333,long,S,hawkmoth,nocturnal,37.967852,-104.8305504,119
SCC12-138,SCC,2012,night,3,1,0.333333333,long,S,hawkmoth,nocturnal,37.967852,-104.8305504,119
SCC12-139,SCC,2012,open,3,1,0.333333333,long,S,hawkmoth,nocturnal,37.967852,-104.8305504,119
SCC12-129,SCC,2012,night,9,3,0.333333333,long,S,hawkmoth,nocturnal,37.967852,-104.8305504,119
SCC12-130,SCC,2012,night,5,2,0.4,long,S,hawkmoth,nocturnal,37.967852,-104.8305504,119
SCC12-140,SCC,2012,open,5,2,0.4,long,S,hawkmoth,nocturnal,37.967852,-104.8305504,119
SCC12-133,SCC,2012,night,2,1,0.5,long,S,hawkmoth,nocturnal,37.967852,-104.8305504,119
SCC12-135,SCC,2012,night,2,1,0.5,long,S,hawkmoth,nocturnal,37.967852,-104.8305504,119
SCC12-134,SCC,2012,open,4,2,0.5,long,S,hawkmoth,nocturnal,37.967852,-104.8305504,119
SCC12-142,SCC,2012,open,4,2,0.5,long,S,hawkmoth,nocturnal,37.967852,-104.8305504,119
SCC12-144,SCC,2012,night,4,2,0.5,long,S,hawkmoth,nocturnal,37.967852,-104.8305504,119
SCC12-149,SCC,2012,night,4,2,0.5,long,S,hawkmoth,nocturnal,37.967852,-104.8305504,119
SCC12-142,SCC,2012,day,5,3,0.6,long,S,hawkmoth,nocturnal,37.967852,-104.8305504,119
SCC12-5,SCC,2012,open,3,2,0.666666667,long,S,hawkmoth,nocturnal,37.967852,-104.8305504,119
SCC12-131,SCC,2012,day,3,2,0.666666667,long,S,hawkmoth,nocturnal,37.967852,-104.8305504,119
SCC12-135,SCC,2012,open,3,2,0.666666667,long,S,hawkmoth,nocturnal,37.967852,-104.8305504,119
SCC12-141,SCC,2012,open,3,2,0.666666667,long,S,hawkmoth,nocturnal,37.967852,-104.8305504,119
SCC12-148,SCC,2012,day,3,2,0.666666667,long,S,hawkmoth,nocturnal,37.967852,-104.8305504,119
SCC12-130,SCC,2012,open,4,3,0.75,long,S,hawkmoth,nocturnal,37.967852,-104.8305504,119
SCC12-137,SCC,2012,open,4,3,0.75,long,S,hawkmoth,nocturnal,37.967852,-104.8305504,119
SCC12-140,SCC,2012,night,4,3,0.75,long,S,hawkmoth,nocturnal,37.967852,-104.8305504,119
SCC12-146,SCC,2012,night,4,3,0.75,long,S,hawkmoth,nocturnal,37.967852,-104.8305504,119
SCC12-150,SCC,2012,open,4,3,0.75,long,S,hawkmoth,nocturnal,37.967852,-104.8305504,119
SCC12-151,SCC,2012,open,4,3,0.75,long,S,hawkmoth,nocturnal,37.967852,-104.8305504,119
SCC12-136,SCC,2012,open,5,4,0.8,long,S,hawkmoth,nocturnal,37.967852,-104.8305504,119
SCC12-139,SCC,2012,night,6,5,0.833333333,long,S,hawkmoth,nocturnal,37.967852,-104.8305504,119
SCC12-5,SCC,2012,night,1,1,1,long,S,hawkmoth,nocturnal,37.967852,-104.8305504,119
SCC12-48,SCC,2012,open,1,1,1,long,S,hawkmoth,nocturnal,37.967852,-104.8305504,119
SCC12-138,SCC,2012,open,2,2,1,long,S,hawkmoth,nocturnal,37.967852,-104.8305504,119
SCC12-6,SCC,2012,open,3,3,1,long,S,hawkmoth,nocturnal,37.967852,-104.8305504,119
SCC12-131,SCC,2012,open,3,3,1,long,S,hawkmoth,nocturnal,37.967852,-104.8305504,119
SCC12-144,SCC,2012,open,3,3,1,long,S,hawkmoth,nocturnal,37.967852,-104.8305504,119
SCC12-147,SCC,2012,night,3,3,1,long,S,hawkmoth,nocturnal,37.967852,-104.8305504,119
SCC12-148,SCC,2012,open,3,3,1,long,S,hawkmoth,nocturnal,37.967852,-104.8305504,119
SCC12-149,SCC,2012,open,3,3,1,long,S,hawkmoth,nocturnal,37.967852,-104.8305504,119
SCC12-147,SCC,2012,open,5,5,1,long,S,hawkmoth,nocturnal,37.967852,-104.8305504,119
SCC12-142,SCC,2012,night,6,6,1,long,S,hawkmoth,nocturnal,37.967852,-104.8305504,119
SCC12-133,SCC,2012,open,6,6,1,long,S,hawkmoth,nocturnal,37.967852,-104.8305504,119
SCC12-49,SCC,2012,open,1,1,1,long,S,hawkmoth,nocturnal,37.967852,-104.8305504,119
CL1,SCL,2019,night,13,2,0.153846154,long,S,hawkmoth,nocturnal,33.5655,-101.80032,66
CL10,SCL,2019,night,4,0,0,long,S,hawkmoth,nocturnal,33.5655,-101.80032,66
CL11,SCL,2019,day,44,0,0,long,S,hawkmoth,nocturnal,33.5655,-101.80032,66
CL12,SCL,2019,day,4,0,0,long,S,hawkmoth,nocturnal,33.5655,-101.80032,66
CL13,SCL,2019,day,16,1,0.0625,long,S,hawkmoth,nocturnal,33.5655,-101.80032,66
CL14,SCL,2019,day,23,3,0.130434783,long,S,hawkmoth,nocturnal,33.5655,-101.80032,66
CL15,SCL,2019,day,5,0,0,long,S,hawkmoth,nocturnal,33.5655,-101.80032,66
CL16,SCL,2019,day,7,3,0.428571429,long,S,hawkmoth,nocturnal,33.5655,-101.80032,66
CL17,SCL,2019,day,12,0,0,long,S,hawkmoth,nocturnal,33.5655,-101.80032,66
CL18,SCL,2019,day,6,0,0,long,S,hawkmoth,nocturnal,33.5655,-101.80032,66
CL19,SCL,2019,day,16,9,0.5625,long,S,hawkmoth,nocturnal,33.5655,-101.80032,66
CL2,SCL,2019,night,5,2,0.4,long,S,hawkmoth,nocturnal,33.5655,-101.80032,66
CL20,SCL,2019,day,18,4,0.222222222,long,S,hawkmoth,nocturnal,33.5655,-101.80032,66
CL21,SCL,2019,open,31,17,0.548387097,long,S,hawkmoth,nocturnal,33.5655,-101.80032,66
CL22,SCL,2019,open,44,22,0.5,long,S,hawkmoth,nocturnal,33.5655,-101.80032,66
CL23,SCL,2019,open,26,11,0.423076923,long,S,hawkmoth,nocturnal,33.5655,-101.80032,66
CL24,SCL,2019,open,12,4,0.333333333,long,S,hawkmoth,nocturnal,33.5655,-101.80032,66
CL25,SCL,2019,open,23,14,0.608695652,long,S,hawkmoth,nocturnal,33.5655,-101.80032,66
CL26,SCL,2019,open,25,4,0.16,long,S,hawkmoth,nocturnal,33.5655,-101.80032,66
CL27,SCL,2019,open,14,0,0,long,S,hawkmoth,nocturnal,33.5655,-101.80032,66
CL28,SCL,2019,open,15,7,0.466666667,long,S,hawkmoth,nocturnal,33.5655,-101.80032,66
CL29,SCL,2019,open,23,3,0.130434783,long,S,hawkmoth,nocturnal,33.5655,-101.80032,66
CL3,SCL,2019,night,27,9,0.333333333,long,S,hawkmoth,nocturnal,33.5655,-101.80032,66
CL30,SCL,2019,open,16,3,0.1875,long,S,hawkmoth,nocturnal,33.5655,-101.80032,66
CL4,SCL,2019,night,24,8,0.333333333,long,S,hawkmoth,nocturnal,33.5655,-101.80032,66
CL5,SCL,2019,night,8,5,0.625,long,S,hawkmoth,nocturnal,33.5655,-101.80032,66
CL6,SCL,2019,night,6,2,0.333333333,long,S,hawkmoth,nocturnal,33.5655,-101.80032,66
CL7,SCL,2019,night,16,6,0.375,long,S,hawkmoth,nocturnal,33.5655,-101.80032,66
CL8,SCL,2019,night,58,13,0.224137931,long,S,hawkmoth,nocturnal,33.5655,-101.80032,66
CL9,SCL,2019,night,33,3,0.090909091,long,S,hawkmoth,nocturnal,33.5655,-101.80032,66
IC1,SIC,2019,night,5,1,0.2,short,S,hawkmoth,nocturnal,30.486035,-101.7882521,133
IC10,SIC,2019,night,5,0,0,short,S,hawkmoth,nocturnal,30.486035,-101.7882521,133
IC11,SIC,2019,day,5,2,0.4,short,S,hawkmoth,nocturnal,30.486035,-101.7882521,133
IC12,SIC,2019,day,5,3,0.6,short,S,hawkmoth,nocturnal,30.486035,-101.7882521,133
IC13,SIC,2019,day,14,8,0.571428571,short,S,hawkmoth,nocturnal,30.486035,-101.7882521,133
IC14,SIC,2019,day,6,3,0.5,short,S,hawkmoth,nocturnal,30.486035,-101.7882521,133
IC15,SIC,2019,day,6,4,0.666666667,short,S,hawkmoth,nocturnal,30.486035,-101.7882521,133
IC16,SIC,2019,day,5,3,0.6,short,S,hawkmoth,nocturnal,30.486035,-101.7882521,133
IC17,SIC,2019,day,10,1,0.1,short,S,hawkmoth,nocturnal,30.486035,-101.7882521,133
IC18,SIC,2019,day,11,2,0.181818182,short,S,hawkmoth,nocturnal,30.486035,-101.7882521,133
IC19,SIC,2019,day,4,1,0.25,short,S,hawkmoth,nocturnal,30.486035,-101.7882521,133
IC2,SIC,2019,night,6,2,0.333333333,short,S,hawkmoth,nocturnal,30.486035,-101.7882521,133
IC20,SIC,2019,day,8,0,0,short,S,hawkmoth,nocturnal,30.486035,-101.7882521,133
IC21,SIC,2019,open,6,4,0.666666667,short,S,hawkmoth,nocturnal,30.486035,-101.7882521,133
IC22,SIC,2019,open,5,4,0.8,short,S,hawkmoth,nocturnal,30.486035,-101.7882521,133
IC23,SIC,2019,open,4,4,1,short,S,hawkmoth,nocturnal,30.486035,-101.7882521,133
IC24,SIC,2019,open,6,1,0.166666667,short,S,hawkmoth,nocturnal,30.486035,-101.7882521,133
IC25,SIC,2019,open,9,5,0.555555556,short,S,hawkmoth,nocturnal,30.486035,-101.7882521,133
IC26,SIC,2019,open,15,4,0.266666667,short,S,hawkmoth,nocturnal,30.486035,-101.7882521,133
IC27,SIC,2019,open,11,2,0.181818182,short,S,hawkmoth,nocturnal,30.486035,-101.7882521,133
IC28,SIC,2019,open,3,1,0.333333333,short,S,hawkmoth,nocturnal,30.486035,-101.7882521,133
IC29,SIC,2019,open,8,2,0.25,short,S,hawkmoth,nocturnal,30.486035,-101.7882521,133
IC3,SIC,2019,night,4,4,1,short,S,hawkmoth,nocturnal,30.486035,-101.7882521,133
IC30,SIC,2019,open,5,3,0.6,short,S,hawkmoth,nocturnal,30.486035,-101.7882521,133
IC4,SIC,2019,night,4,0,0,short,S,hawkmoth,nocturnal,30.486035,-101.7882521,133
IC5,SIC,2019,night,4,0,0,short,S,hawkmoth,nocturnal,30.486035,-101.7882521,133
IC6,SIC,2019,night,15,1,0.066666667,short,S,hawkmoth,nocturnal,30.486035,-101.7882521,133
IC7,SIC,2019,night,5,2,0.4,short,S,hawkmoth,nocturnal,30.486035,-101.7882521,133
IC8,SIC,2019,night,5,3,0.6,short,S,hawkmoth,nocturnal,30.486035,-101.7882521,133
IC9,SIC,2019,night,4,3,0.75,short,S,hawkmoth,nocturnal,30.486035,-101.7882521,133
SILB12-1,SILB12,2012,day,4,0,0,long,S,hawkmoth,nocturnal,42.44124,-87.80295,37
SILB12-1,SILB12,2012,night,2,0,0,long,S,hawkmoth,nocturnal,42.44124,-87.80295,37
SILB12-1,SILB12,2012,bagged,2,0,0,long,S,hawkmoth,nocturnal,42.44124,-87.80295,37
SILB12-2,SILB12,2012,day,2,0,0,long,S,hawkmoth,nocturnal,42.44124,-87.80295,37
SILB12-3,SILB12,2012,day,6,0,0,long,S,hawkmoth,nocturnal,42.44124,-87.80295,37
SILB12-3,SILB12,2012,night,4,0,0,long,S,hawkmoth,nocturnal,42.44124,-87.80295,37
SILB12-3,SILB12,2012,bagged,4,0,0,long,S,hawkmoth,nocturnal,42.44124,-87.80295,37
SILB12-4,SILB12,2012,day,7,0,0,long,S,hawkmoth,nocturnal,42.44124,-87.80295,37
SILB12-4,SILB12,2012,night,6,0,0,long,S,hawkmoth,nocturnal,42.44124,-87.80295,37
SILB12-5,SILB12,2012,bagged,7,0,0,long,S,hawkmoth,nocturnal,42.44124,-87.80295,37
SILB12-6,SILB12,2012,day,6,0,0,long,S,hawkmoth,nocturnal,42.44124,-87.80295,37
SILB12-6,SILB12,2012,night,6,0,0,long,S,hawkmoth,nocturnal,42.44124,-87.80295,37
SILB12-6,SILB12,2012,open,5,0,0,long,S,hawkmoth,nocturnal,42.44124,-87.80295,37
SILB12-7,SILB12,2012,night,7,0,0,long,S,hawkmoth,nocturnal,42.44124,-87.80295,37
SILB12-7,SILB12,2012,bagged,4,0,0,long,S,hawkmoth,nocturnal,42.44124,-87.80295,37
SILB12-7,SILB12,2012,open,6,0,0,long,S,hawkmoth,nocturnal,42.44124,-87.80295,37
SILB12-8,SILB12,2012,night,4,0,0,long,S,hawkmoth,nocturnal,42.44124,-87.80295,37
SILB12-9,SILB12,2012,night,3,0,0,long,S,hawkmoth,nocturnal,42.44124,-87.80295,37
SILB12-9,SILB12,2012,bagged,4,0,0,long,S,hawkmoth,nocturnal,42.44124,-87.80295,37
SILB12-10,SILB12,2012,day,3,0,0,long,S,hawkmoth,nocturnal,42.44124,-87.80295,37
SILB12-10,SILB12,2012,night,6,0,0,long,S,hawkmoth,nocturnal,42.44124,-87.80295,37
SILB12-11,SILB12,2012,day,5,0,0,long,S,hawkmoth,nocturnal,42.44124,-87.80295,37
SILB12-11,SILB12,2012,bagged,5,0,0,long,S,hawkmoth,nocturnal,42.44124,-87.80295,37
SILB12-12,SILB12,2012,day,6,0,0,long,S,hawkmoth,nocturnal,42.44124,-87.80295,37
SILB12-12,SILB12,2012,night,6,0,0,long,S,hawkmoth,nocturnal,42.44124,-87.80295,37
SILB12-14,SILB12,2012,night,3,0,0,long,S,hawkmoth,nocturnal,42.44124,-87.80295,37
SILB12-15,SILB12,2012,night,3,0,0,long,S,hawkmoth,nocturnal,42.44124,-87.80295,37
SILB12-15,SILB12,2012,open,5,0,0,long,S,hawkmoth,nocturnal,42.44124,-87.80295,37
SILB12-16,SILB12,2012,day,5,0,0,long,S,hawkmoth,nocturnal,42.44124,-87.80295,37
SILB12-17,SILB12,2012,day,7,0,0,long,S,hawkmoth,nocturnal,42.44124,-87.80295,37
SILB12-17,SILB12,2012,night,7,0,0,long,S,hawkmoth,nocturnal,42.44124,-87.80295,37
SILB12-18,SILB12,2012,day,3,0,0,long,S,hawkmoth,nocturnal,42.44124,-87.80295,37
SILB12-20,SILB12,2012,day,4,0,0,long,S,hawkmoth,nocturnal,42.44124,-87.80295,37
SILB12-12,SILB12,2012,open,5,1,0.2,long,S,hawkmoth,nocturnal,42.44124,-87.80295,37
SILB12-16,SILB12,2012,night,5,1,0.2,long,S,hawkmoth,nocturnal,42.44124,-87.80295,37
SILB12-9,SILB12,2012,day,4,1,0.25,long,S,hawkmoth,nocturnal,42.44124,-87.80295,37
SILB12-5,SILB12,2012,day,8,2,0.25,long,S,hawkmoth,nocturnal,42.44124,-87.80295,37
SILB12-7,SILB12,2012,day,7,2,0.285714286,long,S,hawkmoth,nocturnal,42.44124,-87.80295,37
SILB12-18,SILB12,2012,night,7,2,0.285714286,long,S,hawkmoth,nocturnal,42.44124,-87.80295,37
SILB12-5,SILB12,2012,night,3,1,0.333333333,long,S,hawkmoth,nocturnal,42.44124,-87.80295,37
SILB12-8,SILB12,2012,day,3,1,0.333333333,long,S,hawkmoth,nocturnal,42.44124,-87.80295,37
SILB12-8,SILB12,2012,open,3,1,0.333333333,long,S,hawkmoth,nocturnal,42.44124,-87.80295,37
SILB12-13,SILB12,2012,night,3,1,0.333333333,long,S,hawkmoth,nocturnal,42.44124,-87.80295,37
SILB12-15,SILB12,2012,day,3,1,0.333333333,long,S,hawkmoth,nocturnal,42.44124,-87.80295,37
SILB12-20,SILB12,2012,night,6,2,0.333333333,long,S,hawkmoth,nocturnal,42.44124,-87.80295,37
SILB12-4,SILB12,2012,open,8,3,0.375,long,S,hawkmoth,nocturnal,42.44124,-87.80295,37
SILB12-18,SILB12,2012,open,7,3,0.428571429,long,S,hawkmoth,nocturnal,42.44124,-87.80295,37
SILB12-2,SILB12,2012,night,3,2,0.666666667,long,S,hawkmoth,nocturnal,42.44124,-87.80295,37
SILB12-13,SILB12,2012,day,3,2,0.666666667,long,S,hawkmoth,nocturnal,42.44124,-87.80295,37
SILB12-5,SILB12,2012,open,7,5,0.714285714,long,S,hawkmoth,nocturnal,42.44124,-87.80295,37
SILB12-11,SILB12,2012,night,4,3,0.75,long,S,hawkmoth,nocturnal,42.44124,-87.80295,37
SILB12-10,SILB12,2012,open,5,4,0.8,long,S,hawkmoth,nocturnal,42.44124,-87.80295,37
SILB12-14,SILB12,2012,day,1,1,1,long,S,hawkmoth,nocturnal,42.44124,-87.80295,37
SILB12-13,SILB12,2012,open,3,3,1,long,S,hawkmoth,nocturnal,42.44124,-87.80295,37
SILB12-11,SILB12,2012,open,8,8,1,long,S,hawkmoth,nocturnal,42.44124,-87.80295,37
SILB13-6708,SILB13,2013,open,6,0,0,long,S,small_med_bee,diurnal,42.44124,-87.80295,3
SILB13-710,SILB13,2013,day,5,0,0,long,S,small_med_bee,diurnal,42.44124,-87.80295,3
SILB13-6077,SILB13,2013,open,4,0,0,long,S,small_med_bee,diurnal,42.44124,-87.80295,3
SILB13-6099,SILB13,2013,open,6,0,0,long,S,small_med_bee,diurnal,42.44124,-87.80295,3
SILB13-6799,SILB13,2013,open,7,0,0,long,S,small_med_bee,diurnal,42.44124,-87.80295,3
SILB13-6079,SILB13,2013,open,4,0,0,long,S,small_med_bee,diurnal,42.44124,-87.80295,3
SILB13-6090,SILB13,2013,night,8,0,0,long,S,small_med_bee,diurnal,42.44124,-87.80295,3
SILB13-6087,SILB13,2013,open,7,0,0,long,S,small_med_bee,diurnal,42.44124,-87.80295,3
SILB13-6707,SILB13,2013,night,7,0,0,long,S,small_med_bee,diurnal,42.44124,-87.80295,3
SILB13-6083,SILB13,2013,open,8,0,0,long,S,small_med_bee,diurnal,42.44124,-87.80295,3
SILB13-6092,SILB13,2013,night,3,0,0,long,S,small_med_bee,diurnal,42.44124,-87.80295,3
SILB13-6705,SILB13,2013,night,5,0,0,long,S,small_med_bee,diurnal,42.44124,-87.80295,3
SILB13-6080,SILB13,2013,night,9,0,0,long,S,small_med_bee,diurnal,42.44124,-87.80295,3
SILB13-6098,SILB13,2013,day,5,0,0,long,S,small_med_bee,diurnal,42.44124,-87.80295,3
SILB13-6706,SILB13,2013,day,8,0,0,long,S,small_med_bee,diurnal,42.44124,-87.80295,3
SILB13-6800,SILB13,2013,night,7,0,0,long,S,small_med_bee,diurnal,42.44124,-87.80295,3
SILB13-6089,SILB13,2013,day,8,0,0,long,S,small_med_bee,diurnal,42.44124,-87.80295,3
SILB13-6097,SILB13,2013,night,6,0,0,long,S,small_med_bee,diurnal,42.44124,-87.80295,3
SILB13-6081,SILB13,2013,day,8,0,0,long,S,small_med_bee,diurnal,42.44124,-87.80295,3
SILB13-6095,SILB13,2013,night,3,0,0,long,S,small_med_bee,diurnal,42.44124,-87.80295,3
SILB13-6702,SILB13,2013,day,7,0,0,long,S,small_med_bee,diurnal,42.44124,-87.80295,3
SILB13-6798,SILB13,2013,day,11,0,0,long,S,small_med_bee,diurnal,42.44124,-87.80295,3
SILB13-6075,SILB13,2013,night,6,0,0,long,S,small_med_bee,diurnal,42.44124,-87.80295,3
SILB13-6088,SILB13,2013,night,7,0,0,long,S,small_med_bee,diurnal,42.44124,-87.80295,3
SILB13-6073,SILB13,2013,night,9,0,0,long,S,small_med_bee,diurnal,42.44124,-87.80295,3
SILB13-6082,SILB13,2013,night,10,0,0,long,S,small_med_bee,diurnal,42.44124,-87.80295,3
SILB13-6085,SILB13,2013,night,11,0,0,long,S,small_med_bee,diurnal,42.44124,-87.80295,3
SILB13-6072,SILB13,2013,day,6,0,0,long,S,small_med_bee,diurnal,42.44124,-87.80295,3
SILB13-6098,SILB13,2013,day,8,0,0,long,S,small_med_bee,diurnal,42.44124,-87.80295,3
SILB13-6708,SILB13,2013,open,3,0,0,long,S,small_med_bee,diurnal,42.44124,-87.80295,3
SILB13-6091,SILB13,2013,open,6,0,0,long,S,small_med_bee,diurnal,42.44124,-87.80295,3
SILB13-6706,SILB13,2013,day,8,0,0,long,S,small_med_bee,diurnal,42.44124,-87.80295,3
SILB13-6100,SILB13,2013,night,8,0,0,long,S,small_med_bee,diurnal,42.44124,-87.80295,3
SILB13-710,SILB13,2013,day,4,0,0,long,S,small_med_bee,diurnal,42.44124,-87.80295,3
SILB13-6077,SILB13,2013,open,5,0,0,long,S,small_med_bee,diurnal,42.44124,-87.80295,3
SILB13-6703,SILB13,2013,open,6,0,0,long,S,small_med_bee,diurnal,42.44124,-87.80295,3
SILB13-6076,SILB13,2013,open,4,0,0,long,S,small_med_bee,diurnal,42.44124,-87.80295,3
SILB13-6799,SILB13,2013,open,6,0,0,long,S,small_med_bee,diurnal,42.44124,-87.80295,3
SILB13-6092,SILB13,2013,night,7,0,0,long,S,small_med_bee,diurnal,42.44124,-87.80295,3
SILB13-6079,SILB13,2013,open,6,0,0,long,S,small_med_bee,diurnal,42.44124,-87.80295,3
SILB13-6090,SILB13,2013,night,6,0,0,long,S,small_med_bee,diurnal,42.44124,-87.80295,3
SILB13-6078,SILB13,2013,day,7,0,0,long,S,small_med_bee,diurnal,42.44124,-87.80295,3
SILB13-6085,SILB13,2013,night,11,0,0,long,S,small_med_bee,diurnal,42.44124,-87.80295,3
SILB13-6095,SILB13,2013,night,9,0,0,long,S,small_med_bee,diurnal,42.44124,-87.80295,3
SILB13-6702,SILB13,2013,day,9,0,0,long,S,small_med_bee,diurnal,42.44124,-87.80295,3
SILB13-6800,SILB13,2013,night,8,0,0,long,S,small_med_bee,diurnal,42.44124,-87.80295,3
SILB13-6089,SILB13,2013,day,8,0,0,long,S,small_med_bee,diurnal,42.44124,-87.80295,3
SILB13-6075,SILB13,2013,night,10,0,0,long,S,small_med_bee,diurnal,42.44124,-87.80295,3
SILB13-6705,SILB13,2013,night,7,0,0,long,S,small_med_bee,diurnal,42.44124,-87.80295,3
SILB13-6087,SILB13,2013,open,6,0,0,long,S,small_med_bee,diurnal,42.44124,-87.80295,3
SILB13-6707,SILB13,2013,night,6,0,0,long,S,small_med_bee,diurnal,42.44124,-87.80295,3
SILB13-6083,SILB13,2013,open,6,0,0,long,S,small_med_bee,diurnal,42.44124,-87.80295,3
SILB13-6080,SILB13,2013,night,7,0,0,long,S,small_med_bee,diurnal,42.44124,-87.80295,3
SILB13-6097,SILB13,2013,night,8,0,0,long,S,small_med_bee,diurnal,42.44124,-87.80295,3
SILB13-6081,SILB13,2013,day,8,0,0,long,S,small_med_bee,diurnal,42.44124,-87.80295,3
SILB13-6073,SILB13,2013,night,10,0,0,long,S,small_med_bee,diurnal,42.44124,-87.80295,3
SILB13-6797,SILB13,2013,day,12,0,0,long,S,small_med_bee,diurnal,42.44124,-87.80295,3
SILB13-6077,SILB13,2013,open,5,0,0,long,S,small_med_bee,diurnal,42.44124,-87.80295,3
SILB13-6708,SILB13,2013,open,4,0,0,long,S,small_med_bee,diurnal,42.44124,-87.80295,3
SILB13-6091,SILB13,2013,open,4,0,0,long,S,small_med_bee,diurnal,42.44124,-87.80295,3
SILB13-6706,SILB13,2013,day,4,0,0,long,S,small_med_bee,diurnal,42.44124,-87.80295,3
SILB13-6100,SILB13,2013,night,4,0,0,long,S,small_med_bee,diurnal,42.44124,-87.80295,3
SILB13-710,SILB13,2013,day,5,0,0,long,S,small_med_bee,diurnal,42.44124,-87.80295,3
SILB13-6099,SILB13,2013,open,5,0,0,long,S,small_med_bee,diurnal,42.44124,-87.80295,3
SILB13-6703,SILB13,2013,open,5,0,0,long,S,small_med_bee,diurnal,42.44124,-87.80295,3
SILB13-6082,SILB13,2013,night,5,0,0,long,S,small_med_bee,diurnal,42.44124,-87.80295,3
SILB13-6799,SILB13,2013,open,6,0,0,long,S,small_med_bee,diurnal,42.44124,-87.80295,3
SILB13-6092,SILB13,2013,night,6,0,0,long,S,small_med_bee,diurnal,42.44124,-87.80295,3
SILB13-6079,SILB13,2013,open,7,0,0,long,S,small_med_bee,diurnal,42.44124,-87.80295,3
SILB13-6090,SILB13,2013,night,7,0,0,long,S,small_med_bee,diurnal,42.44124,-87.80295,3
SILB13-6078,SILB13,2013,day,7,0,0,long,S,small_med_bee,diurnal,42.44124,-87.80295,3
SILB13-6085,SILB13,2013,night,7,0,0,long,S,small_med_bee,diurnal,42.44124,-87.80295,3
SILB13-6095,SILB13,2013,night,8,0,0,long,S,small_med_bee,diurnal,42.44124,-87.80295,3
SILB13-6800,SILB13,2013,night,9,0,0,long,S,small_med_bee,diurnal,42.44124,-87.80295,3
SILB13-6089,SILB13,2013,day,9,0,0,long,S,small_med_bee,diurnal,42.44124,-87.80295,3
SILB13-6705,SILB13,2013,night,10,0,0,long,S,small_med_bee,diurnal,42.44124,-87.80295,3
SILB13-6077,SILB13,2013,open,6,0,0,long,S,small_med_bee,diurnal,42.44124,-87.80295,3
SILB13-6702,SILB13,2013,day,6,0,0,long,S,small_med_bee,diurnal,42.44124,-87.80295,3
SILB13-1,SILB13,2013,day,7,0,0,long,S,small_med_bee,diurnal,42.44124,-87.80295,3
SILB13-1,SILB13,2013,day,6,0,0,long,S,small_med_bee,diurnal,42.44124,-87.80295,3
SILB13-1,SILB13,2013,day,7,0,0,long,S,small_med_bee,diurnal,42.44124,-87.80295,3
SILB13-710,SILB13,2013,bagged,4,0,0,long,S,small_med_bee,diurnal,42.44124,-87.80295,3
SILB13-710,SILB13,2013,bagged,5,0,0,long,S,small_med_bee,diurnal,42.44124,-87.80295,3
SILB13-6072,SILB13,2013,bagged,6,0,0,long,S,small_med_bee,diurnal,42.44124,-87.80295,3
SILB13-6073,SILB13,2013,bagged,3,0,0,long,S,small_med_bee,diurnal,42.44124,-87.80295,3
SILB13-6073,SILB13,2013,bagged,5,0,0,long,S,small_med_bee,diurnal,42.44124,-87.80295,3
SILB13-6075,SILB13,2013,bagged,6,0,0,long,S,small_med_bee,diurnal,42.44124,-87.80295,3
SILB13-6075,SILB13,2013,bagged,6,0,0,long,S,small_med_bee,diurnal,42.44124,-87.80295,3
SILB13-6075,SILB13,2013,bagged,6,0,0,long,S,small_med_bee,diurnal,42.44124,-87.80295,3
SILB13-6078,SILB13,2013,bagged,7,0,0,long,S,small_med_bee,diurnal,42.44124,-87.80295,3
SILB13-6078,SILB13,2013,bagged,6,0,0,long,S,small_med_bee,diurnal,42.44124,-87.80295,3
SILB13-6078,SILB13,2013,bagged,7,0,0,long,S,small_med_bee,diurnal,42.44124,-87.80295,3
SILB13-6079,SILB13,2013,bagged,4,0,0,long,S,small_med_bee,diurnal,42.44124,-87.80295,3
SILB13-6079,SILB13,2013,bagged,3,0,0,long,S,small_med_bee,diurnal,42.44124,-87.80295,3
SILB13-6080,SILB13,2013,bagged,5,0,0,long,S,small_med_bee,diurnal,42.44124,-87.80295,3
SILB13-6080,SILB13,2013,bagged,4,0,0,long,S,small_med_bee,diurnal,42.44124,-87.80295,3
SILB13-6081,SILB13,2013,bagged,4,0,0,long,S,small_med_bee,diurnal,42.44124,-87.80295,3
SILB13-6082,SILB13,2013,bagged,7,0,0,long,S,small_med_bee,diurnal,42.44124,-87.80295,3
SILB13-6082,SILB13,2013,bagged,4,0,0,long,S,small_med_bee,diurnal,42.44124,-87.80295,3
SILB13-6082,SILB13,2013,bagged,4,0,0,long,S,small_med_bee,diurnal,42.44124,-87.80295,3
SILB13-6085,SILB13,2013,bagged,10,0,0,long,S,small_med_bee,diurnal,42.44124,-87.80295,3
SILB13-6085,SILB13,2013,bagged,11,0,0,long,S,small_med_bee,diurnal,42.44124,-87.80295,3
SILB13-6085,SILB13,2013,bagged,6,0,0,long,S,small_med_bee,diurnal,42.44124,-87.80295,3
SILB13-6086,SILB13,2013,bagged,11,0,0,long,S,small_med_bee,diurnal,42.44124,-87.80295,3
SILB13-6088,SILB13,2013,bagged,7,0,0,long,S,small_med_bee,diurnal,42.44124,-87.80295,3
SILB13-6088,SILB13,2013,bagged,6,0,0,long,S,small_med_bee,diurnal,42.44124,-87.80295,3
SILB13-6089,SILB13,2013,bagged,2,0,0,long,S,small_med_bee,diurnal,42.44124,-87.80295,3
SILB13-6089,SILB13,2013,bagged,2,0,0,long,S,small_med_bee,diurnal,42.44124,-87.80295,3
SILB13-6089,SILB13,2013,bagged,4,0,0,long,S,small_med_bee,diurnal,42.44124,-87.80295,3
SILB13-6090,SILB13,2013,bagged,6,0,0,long,S,small_med_bee,diurnal,42.44124,-87.80295,3
SILB13-6090,SILB13,2013,bagged,7,0,0,long,S,small_med_bee,diurnal,42.44124,-87.80295,3
SILB13-6092,SILB13,2013,bagged,3,0,0,long,S,small_med_bee,diurnal,42.44124,-87.80295,3
SILB13-6097,SILB13,2013,bagged,4,0,0,long,S,small_med_bee,diurnal,42.44124,-87.80295,3
SILB13-6097,SILB13,2013,bagged,4,0,0,long,S,small_med_bee,diurnal,42.44124,-87.80295,3
SILB13-6098,SILB13,2013,bagged,2,0,0,long,S,small_med_bee,diurnal,42.44124,-87.80295,3
SILB13-6702,SILB13,2013,bagged,7,0,0,long,S,small_med_bee,diurnal,42.44124,-87.80295,3
SILB13-6702,SILB13,2013,bagged,3,0,0,long,S,small_med_bee,diurnal,42.44124,-87.80295,3
SILB13-6702,SILB13,2013,bagged,3,0,0,long,S,small_med_bee,diurnal,42.44124,-87.80295,3
SILB13-6702,SILB13,2013,bagged,2,0,0,long,S,small_med_bee,diurnal,42.44124,-87.80295,3
SILB13-6704,SILB13,2013,bagged,2,0,0,long,S,small_med_bee,diurnal,42.44124,-87.80295,3
SILB13-6704,SILB13,2013,bagged,2,0,0,long,S,small_med_bee,diurnal,42.44124,-87.80295,3
SILB13-6705,SILB13,2013,bagged,4,0,0,long,S,small_med_bee,diurnal,42.44124,-87.80295,3
SILB13-6706,SILB13,2013,bagged,8,0,0,long,S,small_med_bee,diurnal,42.44124,-87.80295,3
SILB13-6706,SILB13,2013,bagged,6,0,0,long,S,small_med_bee,diurnal,42.44124,-87.80295,3
SILB13-6706,SILB13,2013,bagged,4,0,0,long,S,small_med_bee,diurnal,42.44124,-87.80295,3
SILB13-6707,SILB13,2013,bagged,4,0,0,long,S,small_med_bee,diurnal,42.44124,-87.80295,3
SILB13-6707,SILB13,2013,bagged,6,0,0,long,S,small_med_bee,diurnal,42.44124,-87.80295,3
SILB13-6708,SILB13,2013,bagged,3,0,0,long,S,small_med_bee,diurnal,42.44124,-87.80295,3
SILB13-6708,SILB13,2013,bagged,3,0,0,long,S,small_med_bee,diurnal,42.44124,-87.80295,3
SILB13-6798,SILB13,2013,bagged,10,0,0,long,S,small_med_bee,diurnal,42.44124,-87.80295,3
SILB13-6798,SILB13,2013,bagged,6,0,0,long,S,small_med_bee,diurnal,42.44124,-87.80295,3
SILB13-6799,SILB13,2013,bagged,10,0,0,long,S,small_med_bee,diurnal,42.44124,-87.80295,3
SILB13-6799,SILB13,2013,bagged,6,0,0,long,S,small_med_bee,diurnal,42.44124,-87.80295,3
SILB13-6800,SILB13,2013,bagged,6,0,0,long,S,small_med_bee,diurnal,42.44124,-87.80295,3
SILB13-6800,SILB13,2013,bagged,6,0,0,long,S,small_med_bee,diurnal,42.44124,-87.80295,3
SILB13-6800,SILB13,2013,bagged,9,0,0,long,S,small_med_bee,diurnal,42.44124,-87.80295,3
SILB13-1,SILB13,2013,bagged,7,0,0,long,S,small_med_bee,diurnal,42.44124,-87.80295,3
SILB13-1,SILB13,2013,bagged,6,0,0,long,S,small_med_bee,diurnal,42.44124,-87.80295,3
SILB13-1,SILB13,2013,bagged,7,0,0,long,S,small_med_bee,diurnal,42.44124,-87.80295,3
SILB13-6086,SILB13,2013,day,11,1,0.090909091,long,S,small_med_bee,diurnal,42.44124,-87.80295,3
SILB13-6082,SILB13,2013,night,11,1,0.090909091,long,S,small_med_bee,diurnal,42.44124,-87.80295,3
SILB13-6091,SILB13,2013,open,10,1,0.1,long,S,small_med_bee,diurnal,42.44124,-87.80295,3
SILB13-6088,SILB13,2013,night,10,1,0.1,long,S,small_med_bee,diurnal,42.44124,-87.80295,3
SILB13-6701,SILB13,2013,open,9,1,0.111111111,long,S,small_med_bee,diurnal,42.44124,-87.80295,3
SILB13-6798,SILB13,2013,day,9,1,0.111111111,long,S,small_med_bee,diurnal,42.44124,-87.80295,3
SILB13-6075,SILB13,2013,night,9,1,0.111111111,long,S,small_med_bee,diurnal,42.44124,-87.80295,3
SILB13-6702,SILB13,2013,day,8,1,0.125,long,S,small_med_bee,diurnal,42.44124,-87.80295,3
SILB13-6797,SILB13,2013,day,13,2,0.153846154,long,S,small_med_bee,diurnal,42.44124,-87.80295,3
SILB13-6076,SILB13,2013,open,6,1,0.166666667,long,S,small_med_bee,diurnal,42.44124,-87.80295,3
SILB13-6078,SILB13,2013,day,6,1,0.166666667,long,S,small_med_bee,diurnal,42.44124,-87.80295,3
SILB13-6076,SILB13,2013,open,6,1,0.166666667,long,S,small_med_bee,diurnal,42.44124,-87.80295,3
SILB13-6701,SILB13,2013,open,5,1,0.2,long,S,small_med_bee,diurnal,42.44124,-87.80295,3
SILB13-6099,SILB13,2013,open,5,1,0.2,long,S,small_med_bee,diurnal,42.44124,-87.80295,3
SILB13-6703,SILB13,2013,open,4,1,0.25,long,S,small_med_bee,diurnal,42.44124,-87.80295,3
SILB13-6100,SILB13,2013,night,8,2,0.25,long,S,small_med_bee,diurnal,42.44124,-87.80295,3
SILB13-6096,SILB13,2013,open,4,1,0.25,long,S,small_med_bee,diurnal,42.44124,-87.80295,3
SILB13-6093,SILB13,2013,open,4,1,0.25,long,S,small_med_bee,diurnal,42.44124,-87.80295,3
SILB13-6084,SILB13,2013,open,8,2,0.25,long,S,small_med_bee,diurnal,42.44124,-87.80295,3
SILB13-6701,SILB13,2013,open,8,2,0.25,long,S,small_med_bee,diurnal,42.44124,-87.80295,3
SILB13-6096,SILB13,2013,open,6,2,0.333333333,long,S,small_med_bee,diurnal,42.44124,-87.80295,3
SILB13-6704,SILB13,2013,open,6,2,0.333333333,long,S,small_med_bee,diurnal,42.44124,-87.80295,3
SILB13-6701,SILB13,2013,open,11,4,0.363636364,long,S,small_med_bee,diurnal,42.44124,-87.80295,3
SILB13-6084,SILB13,2013,open,10,4,0.4,long,S,small_med_bee,diurnal,42.44124,-87.80295,3
SILB13-6704,SILB13,2013,open,7,3,0.428571429,long,S,small_med_bee,diurnal,42.44124,-87.80295,3
SILB13-6704,SILB13,2013,open,7,3,0.428571429,long,S,small_med_bee,diurnal,42.44124,-87.80295,3
SILB13-6096,SILB13,2013,open,9,4,0.444444444,long,S,small_med_bee,diurnal,42.44124,-87.80295,3
SILB13-6093,SILB13,2013,open,8,4,0.5,long,S,small_med_bee,diurnal,42.44124,-87.80295,3
SILB13-6098,SILB13,2013,day,2,1,0.5,long,S,small_med_bee,diurnal,42.44124,-87.80295,3
SILB13-6704,SILB13,2013,open,5,3,0.6,long,S,small_med_bee,diurnal,42.44124,-87.80295,3
SILB13-6094,SILB13,2013,day,1,1,1,long,S,small_med_bee,diurnal,42.44124,-87.80295,3
MP1,SMP,2019,night,21,0,0,short,S,bumble_lg_bee,diurnal,32.2852116,-100.7884505,106
MP10,SMP,2019,night,6,2,0.333333333,short,S,bumble_lg_bee,diurnal,32.2852116,-100.7884505,106
MP11,SMP,2019,day,18,2,0.111111111,short,S,bumble_lg_bee,diurnal,32.2852116,-100.7884505,106
MP12,SMP,2019,day,18,7,0.388888889,short,S,bumble_lg_bee,diurnal,32.2852116,-100.7884505,106
MP13,SMP,2019,day,24,13,0.541666667,short,S,bumble_lg_bee,diurnal,32.2852116,-100.7884505,106
MP14,SMP,2019,day,12,1,0.083333333,short,S,bumble_lg_bee,diurnal,32.2852116,-100.7884505,106
MP15,SMP,2019,day,29,4,0.137931034,short,S,bumble_lg_bee,diurnal,32.2852116,-100.7884505,106
MP16,SMP,2019,day,9,2,0.222222222,short,S,bumble_lg_bee,diurnal,32.2852116,-100.7884505,106
MP17,SMP,2019,day,13,6,0.461538462,short,S,bumble_lg_bee,diurnal,32.2852116,-100.7884505,106
MP18,SMP,2019,day,21,5,0.238095238,short,S,bumble_lg_bee,diurnal,32.2852116,-100.7884505,106
MP19,SMP,2019,day,20,8,0.4,short,S,bumble_lg_bee,diurnal,32.2852116,-100.7884505,106
MP2,SMP,2019,night,24,0,0,short,S,bumble_lg_bee,diurnal,32.2852116,-100.7884505,106
MP20,SMP,2019,day,11,3,0.272727273,short,S,bumble_lg_bee,diurnal,32.2852116,-100.7884505,106
MP21,SMP,2019,open,12,0,0,short,S,bumble_lg_bee,diurnal,32.2852116,-100.7884505,106
MP22,SMP,2019,open,42,12,0.285714286,short,S,bumble_lg_bee,diurnal,32.2852116,-100.7884505,106
MP23,SMP,2019,open,32,10,0.3125,short,S,bumble_lg_bee,diurnal,32.2852116,-100.7884505,106
MP24,SMP,2019,open,6,0,0,short,S,bumble_lg_bee,diurnal,32.2852116,-100.7884505,106
MP25,SMP,2019,open,25,10,0.4,short,S,bumble_lg_bee,diurnal,32.2852116,-100.7884505,106
MP26,SMP,2019,open,26,1,0.038461538,short,S,bumble_lg_bee,diurnal,32.2852116,-100.7884505,106
MP27,SMP,2019,open,9,0,0,short,S,bumble_lg_bee,diurnal,32.2852116,-100.7884505,106
MP28,SMP,2019,open,21,2,0.095238095,short,S,bumble_lg_bee,diurnal,32.2852116,-100.7884505,106
MP29,SMP,2019,open,12,2,0.166666667,short,S,bumble_lg_bee,diurnal,32.2852116,-100.7884505,106
MP3,SMP,2019,night,16,3,0.1875,short,S,bumble_lg_bee,diurnal,32.2852116,-100.7884505,106
MP30,SMP,2019,open,12,3,0.25,short,S,bumble_lg_bee,diurnal,32.2852116,-100.7884505,106
MP4,SMP,2019,night,14,0,0,short,S,bumble_lg_bee,diurnal,32.2852116,-100.7884505,106
MP5,SMP,2019,night,11,0,0,short,S,bumble_lg_bee,diurnal,32.2852116,-100.7884505,106
MP6,SMP,2019,night,19,4,0.210526316,short,S,bumble_lg_bee,diurnal,32.2852116,-100.7884505,106
MP7,SMP,2019,night,26,0,0,short,S,bumble_lg_bee,diurnal,32.2852116,-100.7884505,106
MP8,SMP,2019,night,29,5,0.172413793,short,S,bumble_lg_bee,diurnal,32.2852116,-100.7884505,106
MP9,SMP,2019,night,19,1,0.052631579,short,S,bumble_lg_bee,diurnal,32.2852116,-100.7884505,106
NRM1,SNRM,2019,night,24,1,0.041666667,long,S,small_med_bee,diurnal,41.89933,-89.34156,249
NRM10,SNRM,2019,night,6,6,1,long,S,small_med_bee,diurnal,41.89933,-89.34156,249
NRM11,SNRM,2019,day,8,0,0,long,S,small_med_bee,diurnal,41.89933,-89.34156,249
NRM12,SNRM,2019,day,7,0,0,long,S,small_med_bee,diurnal,41.89933,-89.34156,249
NRM13,SNRM,2019,day,10,6,0.6,long,S,small_med_bee,diurnal,41.89933,-89.34156,249
NRM14,SNRM,2019,day,11,3,0.272727273,long,S,small_med_bee,diurnal,41.89933,-89.34156,249
NRM15,SNRM,2019,day,19,12,0.631578947,long,S,small_med_bee,diurnal,41.89933,-89.34156,249
NRM17,SNRM,2019,day,18,6,0.333333333,long,S,small_med_bee,diurnal,41.89933,-89.34156,249
NRM18,SNRM,2019,day,34,5,0.147058824,long,S,small_med_bee,diurnal,41.89933,-89.34156,249
NRM19,SNRM,2019,day,7,4,0.571428571,long,S,small_med_bee,diurnal,41.89933,-89.34156,249
NRM2,SNRM,2019,night,28,5,0.178571429,long,S,small_med_bee,diurnal,41.89933,-89.34156,249
NRM20,SNRM,2019,day,20,3,0.15,long,S,small_med_bee,diurnal,41.89933,-89.34156,249
NRM21,SNRM,2019,open,30,7,0.233333333,long,S,small_med_bee,diurnal,41.89933,-89.34156,249
NRM22,SNRM,2019,open,19,6,0.315789474,long,S,small_med_bee,diurnal,41.89933,-89.34156,249
NRM23,SNRM,2019,open,20,1,0.05,long,S,small_med_bee,diurnal,41.89933,-89.34156,249
NRM24,SNRM,2019,open,15,0,0,long,S,small_med_bee,diurnal,41.89933,-89.34156,249
NRM25,SNRM,2019,open,19,4,0.210526316,long,S,small_med_bee,diurnal,41.89933,-89.34156,249
NRM26,SNRM,2019,open,18,15,0.833333333,long,S,small_med_bee,diurnal,41.89933,-89.34156,249
NRM27,SNRM,2019,open,8,3,0.375,long,S,small_med_bee,diurnal,41.89933,-89.34156,249
NRM28,SNRM,2019,open,10,5,0.5,long,S,small_med_bee,diurnal,41.89933,-89.34156,249
NRM29,SNRM,2019,open,11,0,0,long,S,small_med_bee,diurnal,41.89933,-89.34156,249
NRM3,SNRM,2019,night,16,1,0.0625,long,S,small_med_bee,diurnal,41.89933,-89.34156,249
NRM30,SNRM,2019,open,6,6,1,long,S,small_med_bee,diurnal,41.89933,-89.34156,249
NRM4,SNRM,2019,night,9,2,0.222222222,long,S,small_med_bee,diurnal,41.89933,-89.34156,249
NRM5,SNRM,2019,night,13,3,0.230769231,long,S,small_med_bee,diurnal,41.89933,-89.34156,249
NRM6,SNRM,2019,night,4,1,0.25,long,S,small_med_bee,diurnal,41.89933,-89.34156,249
NRM7,SNRM,2019,night,7,0,0,long,S,small_med_bee,diurnal,41.89933,-89.34156,249
NRM8,SNRM,2019,night,3,0,0,long,S,small_med_bee,diurnal,41.89933,-89.34156,249
NRM9,SNRM,2019,night,11,1,0.090909091,long,S,small_med_bee,diurnal,41.89933,-89.34156,249
