plantID,pop,year,popYear,sp,nFlrs,nFrts,latN,lonW,corLcat,majorVisPeriod,noVisitation
CLA01,CLA,2019,CLA-2019,C,12,0,33.75562,-98.3829,short,diurnal,0
CLA02,CLA,2019,CLA-2019,C,15,0,33.75562,-98.3829,short,diurnal,0
CLA03,CLA,2019,CLA-2019,C,17,0,33.75562,-98.3829,short,diurnal,0
CLA04,CLA,2019,CLA-2019,C,15,3,33.75562,-98.3829,short,diurnal,0
CLA05,CLA,2019,CLA-2019,C,36,6,33.75562,-98.3829,short,diurnal,0
CLA06,CLA,2019,CLA-2019,C,15,5,33.75562,-98.3829,short,diurnal,0
CLA07,CLA,2019,CLA-2019,C,14,3,33.75562,-98.3829,short,diurnal,0
CLA08,CLA,2019,CLA-2019,C,15,2,33.75562,-98.3829,short,diurnal,0
CLA09,CLA,2019,CLA-2019,C,56,30,33.75562,-98.3829,short,diurnal,0
CLA10,CLA,2019,CLA-2019,C,39,8,33.75562,-98.3829,short,diurnal,0
CLA11,CLA,2019,CLA-2019,C,10,0,33.75562,-98.3829,short,diurnal,0
CLA12,CLA,2019,CLA-2019,C,8,1,33.75562,-98.3829,short,diurnal,0
CLA13,CLA,2019,CLA-2019,C,21,1,33.75562,-98.3829,short,diurnal,0
CLA14,CLA,2019,CLA-2019,C,21,4,33.75562,-98.3829,short,diurnal,0
CLA15,CLA,2019,CLA-2019,C,13,4,33.75562,-98.3829,short,diurnal,0
CLA16,CLA,2019,CLA-2019,C,9,9,33.75562,-98.3829,short,diurnal,0
CLA17,CLA,2019,CLA-2019,C,7,7,33.75562,-98.3829,short,diurnal,0
CLA18,CLA,2019,CLA-2019,C,8,0,33.75562,-98.3829,short,diurnal,0
CLA19,CLA,2019,CLA-2019,C,7,3,33.75562,-98.3829,short,diurnal,0
CLA20,CLA,2019,CLA-2019,C,20,3,33.75562,-98.3829,short,diurnal,0
CLA21,CLA,2019,CLA-2019,C,9,0,33.75562,-98.3829,short,diurnal,0
CLA22,CLA,2019,CLA-2019,C,7,0,33.75562,-98.3829,short,diurnal,0
CLA23,CLA,2019,CLA-2019,C,8,0,33.75562,-98.3829,short,diurnal,0
CLA24,CLA,2019,CLA-2019,C,10,0,33.75562,-98.3829,short,diurnal,0
CLA25,CLA,2019,CLA-2019,C,10,0,33.75562,-98.3829,short,diurnal,0
CLA26,CLA,2019,CLA-2019,C,14,1,33.75562,-98.3829,short,diurnal,0
CLA27,CLA,2019,CLA-2019,C,13,2,33.75562,-98.3829,short,diurnal,0
CLA28,CLA,2019,CLA-2019,C,13,3,33.75562,-98.3829,short,diurnal,0
CLA29,CLA,2019,CLA-2019,C,15,3,33.75562,-98.3829,short,diurnal,0
CLA30,CLA,2019,CLA-2019,C,18,5,33.75562,-98.3829,short,diurnal,0
CLA31,CLA,2019,CLA-2019,C,20,5,33.75562,-98.3829,short,diurnal,0
CMSC01,CMSC,2019,CMSC-2019,C,16,5,34.73168,-98.56844,short,nocturnal,0
CMSC02,CMSC,2019,CMSC-2019,C,12,9,34.73168,-98.56844,short,nocturnal,0
CMSC03,CMSC,2019,CMSC-2019,C,17,14,34.73168,-98.56844,short,nocturnal,0
CMSC04,CMSC,2019,CMSC-2019,C,6,0,34.73168,-98.56844,short,nocturnal,0
CMSC05,CMSC,2019,CMSC-2019,C,14,3,34.73168,-98.56844,short,nocturnal,0
CMSC06,CMSC,2019,CMSC-2019,C,16,4,34.73168,-98.56844,short,nocturnal,0
CMSC07,CMSC,2019,CMSC-2019,C,12,11,34.73168,-98.56844,short,nocturnal,0
CMSC08,CMSC,2019,CMSC-2019,C,17,14,34.73168,-98.56844,short,nocturnal,0
CMSC09,CMSC,2019,CMSC-2019,C,11,5,34.73168,-98.56844,short,nocturnal,0
CMSC10,CMSC,2019,CMSC-2019,C,4,1,34.73168,-98.56844,short,nocturnal,0
CMSC11,CMSC,2019,CMSC-2019,C,10,8,34.73168,-98.56844,short,nocturnal,0
CMSC12,CMSC,2019,CMSC-2019,C,12,3,34.73168,-98.56844,short,nocturnal,0
CMSC13,CMSC,2019,CMSC-2019,C,19,14,34.73168,-98.56844,short,nocturnal,0
CMSC14,CMSC,2019,CMSC-2019,C,15,7,34.73168,-98.56844,short,nocturnal,0
CMSC15,CMSC,2019,CMSC-2019,C,11,8,34.73168,-98.56844,short,nocturnal,0
CMSC16,CMSC,2019,CMSC-2019,C,7,5,34.73168,-98.56844,short,nocturnal,0
CMSC17,CMSC,2019,CMSC-2019,C,13,4,34.73168,-98.56844,short,nocturnal,0
CMSC18,CMSC,2019,CMSC-2019,C,13,7,34.73168,-98.56844,short,nocturnal,0
CMSC19,CMSC,2019,CMSC-2019,C,12,1,34.73168,-98.56844,short,nocturnal,0
CMSC20,CMSC,2019,CMSC-2019,C,13,9,34.73168,-98.56844,short,nocturnal,0
CMSC21,CMSC,2019,CMSC-2019,C,19,15,34.73168,-98.56844,short,nocturnal,0
CMSC22,CMSC,2019,CMSC-2019,C,7,2,34.73168,-98.56844,short,nocturnal,0
CMSC23,CMSC,2019,CMSC-2019,C,14,5,34.73168,-98.56844,short,nocturnal,0
CMSC24,CMSC,2019,CMSC-2019,C,11,1,34.73168,-98.56844,short,nocturnal,0
CMSC25,CMSC,2019,CMSC-2019,C,14,7,34.73168,-98.56844,short,nocturnal,0
CMSC26,CMSC,2019,CMSC-2019,C,9,6,34.73168,-98.56844,short,nocturnal,0
CMSC27,CMSC,2019,CMSC-2019,C,9,1,34.73168,-98.56844,short,nocturnal,0
CMSC28,CMSC,2019,CMSC-2019,C,14,3,34.73168,-98.56844,short,nocturnal,0
CMSC29,CMSC,2019,CMSC-2019,C,8,6,34.73168,-98.56844,short,nocturnal,0
CMSC30,CMSC,2019,CMSC-2019,C,10,6,34.73168,-98.56844,short,nocturnal,0
CQL01,CQL,2019,CQL-2019,C,24,23,33.20647,-98.15727,short,diurnal,0
CQL02,CQL,2019,CQL-2019,C,21,19,33.20647,-98.15727,short,diurnal,0
CQL03,CQL,2019,CQL-2019,C,27,26,33.20647,-98.15727,short,diurnal,0
CQL04,CQL,2019,CQL-2019,C,24,23,33.20647,-98.15727,short,diurnal,0
CQL05,CQL,2019,CQL-2019,C,17,10,33.20647,-98.15727,short,diurnal,0
CQL06,CQL,2019,CQL-2019,C,21,20,33.20647,-98.15727,short,diurnal,0
CQL07,CQL,2019,CQL-2019,C,24,17,33.20647,-98.15727,short,diurnal,0
CQL08,CQL,2019,CQL-2019,C,28,27,33.20647,-98.15727,short,diurnal,0
CQL09,CQL,2019,CQL-2019,C,21,16,33.20647,-98.15727,short,diurnal,0
CQL10,CQL,2019,CQL-2019,C,20,16,33.20647,-98.15727,short,diurnal,0
CQL11,CQL,2019,CQL-2019,C,22,18,33.20647,-98.15727,short,diurnal,0
CQL12,CQL,2019,CQL-2019,C,19,17,33.20647,-98.15727,short,diurnal,0
CQL13,CQL,2019,CQL-2019,C,32,28,33.20647,-98.15727,short,diurnal,0
CQL14,CQL,2019,CQL-2019,C,21,18,33.20647,-98.15727,short,diurnal,0
CQL15,CQL,2019,CQL-2019,C,24,16,33.20647,-98.15727,short,diurnal,0
CQL16,CQL,2019,CQL-2019,C,13,13,33.20647,-98.15727,short,diurnal,0
CQL17,CQL,2019,CQL-2019,C,17,7,33.20647,-98.15727,short,diurnal,0
CQL18,CQL,2019,CQL-2019,C,24,15,33.20647,-98.15727,short,diurnal,0
CQL19,CQL,2019,CQL-2019,C,23,17,33.20647,-98.15727,short,diurnal,0
CQL20,CQL,2019,CQL-2019,C,28,25,33.20647,-98.15727,short,diurnal,0
CQL21,CQL,2019,CQL-2019,C,20,14,33.20647,-98.15727,short,diurnal,0
CQL22,CQL,2019,CQL-2019,C,21,16,33.20647,-98.15727,short,diurnal,0
CQL23,CQL,2019,CQL-2019,C,19,13,33.20647,-98.15727,short,diurnal,0
CQL24,CQL,2019,CQL-2019,C,19,17,33.20647,-98.15727,short,diurnal,0
CQL25,CQL,2019,CQL-2019,C,34,23,33.20647,-98.15727,short,diurnal,0
CQL26,CQL,2019,CQL-2019,C,16,14,33.20647,-98.15727,short,diurnal,0
CQL27,CQL,2019,CQL-2019,C,25,20,33.20647,-98.15727,short,diurnal,0
CQL28,CQL,2019,CQL-2019,C,28,25,33.20647,-98.15727,short,diurnal,0
CQL29,CQL,2019,CQL-2019,C,36,31,33.20647,-98.15727,short,diurnal,0
CQL30,CQL,2019,CQL-2019,C,26,20,33.20647,-98.15727,short,diurnal,0
LMN01,LMN,2019,LMN-2019,L,20,15,31.33261,-97.46821,short,diurnal,0
LMN02,LMN,2019,LMN-2019,L,28,22,31.33261,-97.46821,short,diurnal,0
LMN03,LMN,2019,LMN-2019,L,41,29,31.33261,-97.46821,short,diurnal,0
LMN04,LMN,2019,LMN-2019,L,14,8,31.33261,-97.46821,short,diurnal,0
LMN05,LMN,2019,LMN-2019,L,23,18,31.33261,-97.46821,short,diurnal,0
LMN06,LMN,2019,LMN-2019,L,28,9,31.33261,-97.46821,short,diurnal,0
LMN07,LMN,2019,LMN-2019,L,24,13,31.33261,-97.46821,short,diurnal,0
LMN08,LMN,2019,LMN-2019,L,23,22,31.33261,-97.46821,short,diurnal,0
LMN09,LMN,2019,LMN-2019,L,27,24,31.33261,-97.46821,short,diurnal,0
LMN10,LMN,2019,LMN-2019,L,20,13,31.33261,-97.46821,short,diurnal,0
LMN11,LMN,2019,LMN-2019,L,30,6,31.33261,-97.46821,short,diurnal,0
LMN12,LMN,2019,LMN-2019,L,12,11,31.33261,-97.46821,short,diurnal,0
LMN13,LMN,2019,LMN-2019,L,16,13,31.33261,-97.46821,short,diurnal,0
LMN14,LMN,2019,LMN-2019,L,11,5,31.33261,-97.46821,short,diurnal,0
LMN15,LMN,2019,LMN-2019,L,30,21,31.33261,-97.46821,short,diurnal,0
LMN16,LMN,2019,LMN-2019,L,34,23,31.33261,-97.46821,short,diurnal,0
LMN17,LMN,2019,LMN-2019,L,14,11,31.33261,-97.46821,short,diurnal,0
LMN18,LMN,2019,LMN-2019,L,29,15,31.33261,-97.46821,short,diurnal,0
LMN19,LMN,2019,LMN-2019,L,11,10,31.33261,-97.46821,short,diurnal,0
LMN20,LMN,2019,LMN-2019,L,39,27,31.33261,-97.46821,short,diurnal,0
LMN21,LMN,2019,LMN-2019,L,30,26,31.33261,-97.46821,short,diurnal,0
LMN22,LMN,2019,LMN-2019,L,29,23,31.33261,-97.46821,short,diurnal,0
LMN23,LMN,2019,LMN-2019,L,17,16,31.33261,-97.46821,short,diurnal,0
LMN24,LMN,2019,LMN-2019,L,29,17,31.33261,-97.46821,short,diurnal,0
LMN25,LMN,2019,LMN-2019,L,22,18,31.33261,-97.46821,short,diurnal,0
LMN26,LMN,2019,LMN-2019,L,26,20,31.33261,-97.46821,short,diurnal,0
LMN27,LMN,2019,LMN-2019,L,28,27,31.33261,-97.46821,short,diurnal,0
LMN28,LMN,2019,LMN-2019,L,28,14,31.33261,-97.46821,short,diurnal,0
LMN29,LMN,2019,LMN-2019,L,22,11,31.33261,-97.46821,short,diurnal,0
LMN30,LMN,2019,LMN-2019,L,27,25,31.33261,-97.46821,short,diurnal,0
LMN31,LMN,2019,LMN-2019,L,15,13,31.33261,-97.46821,short,diurnal,0
LRR01,LRR,2019,LRR-2019,L,54,25,30.61922,-98.07169,short,diurnal,0
LRR02,LRR,2019,LRR-2019,L,35,17,30.61922,-98.07169,short,diurnal,0
LRR03,LRR,2019,LRR-2019,L,15,6,30.61922,-98.07169,short,diurnal,0
LRR04,LRR,2019,LRR-2019,L,19,15,30.61922,-98.07169,short,diurnal,0
LRR05,LRR,2019,LRR-2019,L,18,15,30.61922,-98.07169,short,diurnal,0
LRR06,LRR,2019,LRR-2019,L,25,12,30.61922,-98.07169,short,diurnal,0
LRR07,LRR,2019,LRR-2019,L,17,14,30.61922,-98.07169,short,diurnal,0
LRR08,LRR,2019,LRR-2019,L,29,26,30.61922,-98.07169,short,diurnal,0
LRR09,LRR,2019,LRR-2019,L,15,13,30.61922,-98.07169,short,diurnal,0
LRR10,LRR,2019,LRR-2019,L,22,18,30.61922,-98.07169,short,diurnal,0
LRR11,LRR,2019,LRR-2019,L,24,18,30.61922,-98.07169,short,diurnal,0
LRR12,LRR,2019,LRR-2019,L,46,27,30.61922,-98.07169,short,diurnal,0
LRR13,LRR,2019,LRR-2019,L,27,18,30.61922,-98.07169,short,diurnal,0
LRR14,LRR,2019,LRR-2019,L,18,12,30.61922,-98.07169,short,diurnal,0
LRR15,LRR,2019,LRR-2019,L,18,16,30.61922,-98.07169,short,diurnal,0
LRR16,LRR,2019,LRR-2019,L,17,16,30.61922,-98.07169,short,diurnal,0
LRR17,LRR,2019,LRR-2019,L,21,14,30.61922,-98.07169,short,diurnal,0
LRR18,LRR,2019,LRR-2019,L,17,14,30.61922,-98.07169,short,diurnal,0
LRR19,LRR,2019,LRR-2019,L,25,18,30.61922,-98.07169,short,diurnal,0
LRR20,LRR,2019,LRR-2019,L,12,9,30.61922,-98.07169,short,diurnal,0
LRR21,LRR,2019,LRR-2019,L,15,15,30.61922,-98.07169,short,diurnal,0
LRR22,LRR,2019,LRR-2019,L,13,13,30.61922,-98.07169,short,diurnal,0
LRR23,LRR,2019,LRR-2019,L,14,12,30.61922,-98.07169,short,diurnal,0
LRR24,LRR,2019,LRR-2019,L,34,17,30.61922,-98.07169,short,diurnal,0
LRR25,LRR,2019,LRR-2019,L,26,20,30.61922,-98.07169,short,diurnal,0
LRR26,LRR,2019,LRR-2019,L,32,20,30.61922,-98.07169,short,diurnal,0
LRR27,LRR,2019,LRR-2019,L,12,12,30.61922,-98.07169,short,diurnal,0
LRR28,LRR,2019,LRR-2019,L,20,19,30.61922,-98.07169,short,diurnal,0
LRR29,LRR,2019,LRR-2019,L,27,10,30.61922,-98.07169,short,diurnal,0
LRR30,LRR,2019,LRR-2019,L,12,10,30.61922,-98.07169,short,diurnal,0
LVH01,LVH,2019,LVH-2019,L,19,8,30.2759,-97.8971,short,diurnal,0
LVH02,LVH,2019,LVH-2019,L,14,12,30.2759,-97.8971,short,diurnal,0
LVH03,LVH,2019,LVH-2019,L,19,14,30.2759,-97.8971,short,diurnal,0
LVH04,LVH,2019,LVH-2019,L,17,16,30.2759,-97.8971,short,diurnal,0
LVH05,LVH,2019,LVH-2019,L,22,21,30.2759,-97.8971,short,diurnal,0
LVH06,LVH,2019,LVH-2019,L,13,12,30.2759,-97.8971,short,diurnal,0
LVH07,LVH,2019,LVH-2019,L,35,20,30.2759,-97.8971,short,diurnal,0
LVH08,LVH,2019,LVH-2019,L,12,11,30.2759,-97.8971,short,diurnal,0
LVH09,LVH,2019,LVH-2019,L,24,23,30.2759,-97.8971,short,diurnal,0
LVH10,LVH,2019,LVH-2019,L,9,9,30.2759,-97.8971,short,diurnal,0
LVH11,LVH,2019,LVH-2019,L,34,24,30.2759,-97.8971,short,diurnal,0
LVH12,LVH,2019,LVH-2019,L,17,12,30.2759,-97.8971,short,diurnal,0
LVH13,LVH,2019,LVH-2019,L,16,16,30.2759,-97.8971,short,diurnal,0
LVH14,LVH,2019,LVH-2019,L,19,14,30.2759,-97.8971,short,diurnal,0
LVH15,LVH,2019,LVH-2019,L,16,16,30.2759,-97.8971,short,diurnal,0
LVH16,LVH,2019,LVH-2019,L,22,16,30.2759,-97.8971,short,diurnal,0
LVH17,LVH,2019,LVH-2019,L,16,15,30.2759,-97.8971,short,diurnal,0
LVH18,LVH,2019,LVH-2019,L,21,21,30.2759,-97.8971,short,diurnal,0
LVH19,LVH,2019,LVH-2019,L,21,16,30.2759,-97.8971,short,diurnal,0
LVH20,LVH,2019,LVH-2019,L,19,19,30.2759,-97.8971,short,diurnal,0
LVH21,LVH,2019,LVH-2019,L,19,18,30.2759,-97.8971,short,diurnal,0
LVH22,LVH,2019,LVH-2019,L,16,13,30.2759,-97.8971,short,diurnal,0
LVH23,LVH,2019,LVH-2019,L,21,12,30.2759,-97.8971,short,diurnal,0
LVH24,LVH,2019,LVH-2019,L,19,14,30.2759,-97.8971,short,diurnal,0
LVH25,LVH,2019,LVH-2019,L,22,16,30.2759,-97.8971,short,diurnal,0
LVH26,LVH,2019,LVH-2019,L,24,22,30.2759,-97.8971,short,diurnal,0
LVH27,LVH,2019,LVH-2019,L,25,21,30.2759,-97.8971,short,diurnal,0
LVH28,LVH,2019,LVH-2019,L,29,28,30.2759,-97.8971,short,diurnal,0
LVH29,LVH,2019,LVH-2019,L,15,9,30.2759,-97.8971,short,diurnal,0
LVH30,LVH,2019,LVH-2019,L,20,19,30.2759,-97.8971,short,diurnal,0
PCM01,PCM,2019,PCM-2019,P,17,16,33.31087,-96.24411,short,nocturnal,0
PCM02,PCM,2019,PCM-2019,P,21,14,33.31087,-96.24411,short,nocturnal,0
PCM03,PCM,2019,PCM-2019,P,17,8,33.31087,-96.24411,short,nocturnal,0
PCM04,PCM,2019,PCM-2019,P,13,1,33.31087,-96.24411,short,nocturnal,0
PCM05,PCM,2019,PCM-2019,P,19,13,33.31087,-96.24411,short,nocturnal,0
PCM06,PCM,2019,PCM-2019,P,23,9,33.31087,-96.24411,short,nocturnal,0
PCM07,PCM,2019,PCM-2019,P,11,9,33.31087,-96.24411,short,nocturnal,0
PCM08,PCM,2019,PCM-2019,P,13,4,33.31087,-96.24411,short,nocturnal,0
PCM09,PCM,2019,PCM-2019,P,21,12,33.31087,-96.24411,short,nocturnal,0
PCM10,PCM,2019,PCM-2019,P,14,11,33.31087,-96.24411,short,nocturnal,0
PCM11,PCM,2019,PCM-2019,P,24,16,33.31087,-96.24411,short,nocturnal,0
PCM12,PCM,2019,PCM-2019,P,17,6,33.31087,-96.24411,short,nocturnal,0
PCM13,PCM,2019,PCM-2019,P,17,15,33.31087,-96.24411,short,nocturnal,0
PCM14,PCM,2019,PCM-2019,P,17,7,33.31087,-96.24411,short,nocturnal,0
PCM15,PCM,2019,PCM-2019,P,18,10,33.31087,-96.24411,short,nocturnal,0
PCM16,PCM,2019,PCM-2019,P,19,14,33.31087,-96.24411,short,nocturnal,0
PCM17,PCM,2019,PCM-2019,P,25,6,33.31087,-96.24411,short,nocturnal,0
PCM18,PCM,2019,PCM-2019,P,13,8,33.31087,-96.24411,short,nocturnal,0
PCM19,PCM,2019,PCM-2019,P,14,11,33.31087,-96.24411,short,nocturnal,0
PCM20,PCM,2019,PCM-2019,P,13,0,33.31087,-96.24411,short,nocturnal,0
PCM21,PCM,2019,PCM-2019,P,8,0,33.31087,-96.24411,short,nocturnal,0
PCM22,PCM,2019,PCM-2019,P,10,8,33.31087,-96.24411,short,nocturnal,0
PCM23,PCM,2019,PCM-2019,P,34,27,33.31087,-96.24411,short,nocturnal,0
PCM24,PCM,2019,PCM-2019,P,16,10,33.31087,-96.24411,short,nocturnal,0
PCM25,PCM,2019,PCM-2019,P,16,2,33.31087,-96.24411,short,nocturnal,0
PCM26,PCM,2019,PCM-2019,P,13,3,33.31087,-96.24411,short,nocturnal,0
PCM27,PCM,2019,PCM-2019,P,17,8,33.31087,-96.24411,short,nocturnal,0
PCM28,PCM,2019,PCM-2019,P,32,15,33.31087,-96.24411,short,nocturnal,0
PCM29,PCM,2019,PCM-2019,P,20,9,33.31087,-96.24411,short,nocturnal,0
PCM30,PCM,2019,PCM-2019,P,22,11,33.31087,-96.24411,short,nocturnal,0
PCM31,PCM,2019,PCM-2019,P,20,16,33.31087,-96.24411,short,nocturnal,0
PMT01,PMT,2019,PMT-2019,P,48,32,31.88892,-97.69912,short,diurnal,0
PMT02,PMT,2019,PMT-2019,P,50,33,31.88892,-97.69912,short,diurnal,0
PMT03,PMT,2019,PMT-2019,P,54,30,31.88892,-97.69912,short,diurnal,0
PMT04,PMT,2019,PMT-2019,P,25,20,31.88892,-97.69912,short,diurnal,0
PMT05,PMT,2019,PMT-2019,P,37,32,31.88892,-97.69912,short,diurnal,0
PMT06,PMT,2019,PMT-2019,P,21,15,31.88892,-97.69912,short,diurnal,0
PMT07,PMT,2019,PMT-2019,P,39,32,31.88892,-97.69912,short,diurnal,0
PMT08,PMT,2019,PMT-2019,P,24,18,31.88892,-97.69912,short,diurnal,0
PMT09,PMT,2019,PMT-2019,P,44,38,31.88892,-97.69912,short,diurnal,0
PMT10,PMT,2019,PMT-2019,P,26,16,31.88892,-97.69912,short,diurnal,0
PMT11,PMT,2019,PMT-2019,P,24,14,31.88892,-97.69912,short,diurnal,0
PMT12,PMT,2019,PMT-2019,P,21,14,31.88892,-97.69912,short,diurnal,0
PMT13,PMT,2019,PMT-2019,P,67,56,31.88892,-97.69912,short,diurnal,0
PMT14,PMT,2019,PMT-2019,P,54,24,31.88892,-97.69912,short,diurnal,0
PMT15,PMT,2019,PMT-2019,P,17,13,31.88892,-97.69912,short,diurnal,0
PMT16,PMT,2019,PMT-2019,P,47,18,31.88892,-97.69912,short,diurnal,0
PMT17,PMT,2019,PMT-2019,P,16,12,31.88892,-97.69912,short,diurnal,0
PMT18,PMT,2019,PMT-2019,P,34,21,31.88892,-97.69912,short,diurnal,0
PMT19,PMT,2019,PMT-2019,P,55,53,31.88892,-97.69912,short,diurnal,0
PMT20,PMT,2019,PMT-2019,P,41,24,31.88892,-97.69912,short,diurnal,0
PMT21,PMT,2019,PMT-2019,P,16,14,31.88892,-97.69912,short,diurnal,0
PMT22,PMT,2019,PMT-2019,P,32,15,31.88892,-97.69912,short,diurnal,0
PMT23,PMT,2019,PMT-2019,P,19,10,31.88892,-97.69912,short,diurnal,0
PMT24,PMT,2019,PMT-2019,P,14,8,31.88892,-97.69912,short,diurnal,0
PMT25,PMT,2019,PMT-2019,P,21,12,31.88892,-97.69912,short,diurnal,0
PMT26,PMT,2019,PMT-2019,P,21,16,31.88892,-97.69912,short,diurnal,0
PMT27,PMT,2019,PMT-2019,P,26,11,31.88892,-97.69912,short,diurnal,0
PMT28,PMT,2019,PMT-2019,P,47,45,31.88892,-97.69912,short,diurnal,0
PMT29,PMT,2019,PMT-2019,P,21,15,31.88892,-97.69912,short,diurnal,0
PMT30,PMT,2019,PMT-2019,P,19,8,31.88892,-97.69912,short,diurnal,0
PTH01,PTH,2019,PTH-2019,P,24,11,32.74596,-97.27286,short,nocturnal,0
PTH02,PTH,2019,PTH-2019,P,33,17,32.74596,-97.27286,short,nocturnal,0
PTH03,PTH,2019,PTH-2019,P,29,20,32.74596,-97.27286,short,nocturnal,0
PTH04,PTH,2019,PTH-2019,P,38,21,32.74596,-97.27286,short,nocturnal,0
PTH05,PTH,2019,PTH-2019,P,31,14,32.74596,-97.27286,short,nocturnal,0
PTH06,PTH,2019,PTH-2019,P,19,8,32.74596,-97.27286,short,nocturnal,0
PTH07,PTH,2019,PTH-2019,P,30,11,32.74596,-97.27286,short,nocturnal,0
PTH08,PTH,2019,PTH-2019,P,45,29,32.74596,-97.27286,short,nocturnal,0
PTH09,PTH,2019,PTH-2019,P,41,23,32.74596,-97.27286,short,nocturnal,0
PTH10,PTH,2019,PTH-2019,P,36,32,32.74596,-97.27286,short,nocturnal,0
PTH11,PTH,2019,PTH-2019,P,40,32,32.74596,-97.27286,short,nocturnal,0
PTH12,PTH,2019,PTH-2019,P,46,26,32.74596,-97.27286,short,nocturnal,0
PTH13,PTH,2019,PTH-2019,P,29,22,32.74596,-97.27286,short,nocturnal,0
PTH14,PTH,2019,PTH-2019,P,28,24,32.74596,-97.27286,short,nocturnal,0
PTH15,PTH,2019,PTH-2019,P,49,32,32.74596,-97.27286,short,nocturnal,0
PTH16,PTH,2019,PTH-2019,P,35,22,32.74596,-97.27286,short,nocturnal,0
PTH17,PTH,2019,PTH-2019,P,28,17,32.74596,-97.27286,short,nocturnal,0
PTH18,PTH,2019,PTH-2019,P,23,17,32.74596,-97.27286,short,nocturnal,0
PTH19,PTH,2019,PTH-2019,P,34,18,32.74596,-97.27286,short,nocturnal,0
PTH20,PTH,2019,PTH-2019,P,25,10,32.74596,-97.27286,short,nocturnal,0
PTH21,PTH,2019,PTH-2019,P,33,21,32.74596,-97.27286,short,nocturnal,0
PTH22,PTH,2019,PTH-2019,P,29,16,32.74596,-97.27286,short,nocturnal,0
PTH23,PTH,2019,PTH-2019,P,42,18,32.74596,-97.27286,short,nocturnal,0
PTH24,PTH,2019,PTH-2019,P,15,5,32.74596,-97.27286,short,nocturnal,0
PTH25,PTH,2019,PTH-2019,P,28,5,32.74596,-97.27286,short,nocturnal,0
PTH26,PTH,2019,PTH-2019,P,15,9,32.74596,-97.27286,short,nocturnal,0
PTH27,PTH,2019,PTH-2019,P,40,22,32.74596,-97.27286,short,nocturnal,0
PTH28,PTH,2019,PTH-2019,P,51,12,32.74596,-97.27286,short,nocturnal,0
PTH29,PTH,2019,PTH-2019,P,10,5,32.74596,-97.27286,short,nocturnal,0
PTH30,PTH,2019,PTH-2019,P,82,41,32.74596,-97.27286,short,nocturnal,0
PTH31,PTH,2019,PTH-2019,P,33,15,32.74596,-97.27286,short,nocturnal,0
SBL01,SBL,2019,SBL-2019,S,48,34,33.34243,-104.333,long,nocturnal,0
SBL02,SBL,2019,SBL-2019,S,18,15,33.34243,-104.333,long,nocturnal,0
SBL03,SBL,2019,SBL-2019,S,17,12,33.34243,-104.333,long,nocturnal,0
SBL04,SBL,2019,SBL-2019,S,16,13,33.34243,-104.333,long,nocturnal,0
SBL05,SBL,2019,SBL-2019,S,20,17,33.34243,-104.333,long,nocturnal,0
SBL06,SBL,2019,SBL-2019,S,15,9,33.34243,-104.333,long,nocturnal,0
SBL07,SBL,2019,SBL-2019,S,42,35,33.34243,-104.333,long,nocturnal,0
SBL08,SBL,2019,SBL-2019,S,14,12,33.34243,-104.333,long,nocturnal,0
SBL09,SBL,2019,SBL-2019,S,21,2,33.34243,-104.333,long,nocturnal,0
SBL10,SBL,2019,SBL-2019,S,31,24,33.34243,-104.333,long,nocturnal,0
SBL11,SBL,2019,SBL-2019,S,54,36,33.34243,-104.333,long,nocturnal,0
SBL12,SBL,2019,SBL-2019,S,12,4,33.34243,-104.333,long,nocturnal,0
SBL13,SBL,2019,SBL-2019,S,17,13,33.34243,-104.333,long,nocturnal,0
SBL14,SBL,2019,SBL-2019,S,15,9,33.34243,-104.333,long,nocturnal,0
SBL15,SBL,2019,SBL-2019,S,25,22,33.34243,-104.333,long,nocturnal,0
SBL16,SBL,2019,SBL-2019,S,17,13,33.34243,-104.333,long,nocturnal,0
SBL17,SBL,2019,SBL-2019,S,27,17,33.34243,-104.333,long,nocturnal,0
SBL18,SBL,2019,SBL-2019,S,19,14,33.34243,-104.333,long,nocturnal,0
SBL19,SBL,2019,SBL-2019,S,2,2,33.34243,-104.333,long,nocturnal,0
SBL20,SBL,2019,SBL-2019,S,19,13,33.34243,-104.333,long,nocturnal,0
SBL21,SBL,2019,SBL-2019,S,19,16,33.34243,-104.333,long,nocturnal,0
SBL22,SBL,2019,SBL-2019,S,18,8,33.34243,-104.333,long,nocturnal,0
SBL23,SBL,2019,SBL-2019,S,22,15,33.34243,-104.333,long,nocturnal,0
SBL24,SBL,2019,SBL-2019,S,14,12,33.34243,-104.333,long,nocturnal,0
SBL25,SBL,2019,SBL-2019,S,11,8,33.34243,-104.333,long,nocturnal,0
SBL26,SBL,2019,SBL-2019,S,17,6,33.34243,-104.333,long,nocturnal,0
SBL27,SBL,2019,SBL-2019,S,21,10,33.34243,-104.333,long,nocturnal,0
SBL28,SBL,2019,SBL-2019,S,11,5,33.34243,-104.333,long,nocturnal,0
SBL29,SBL,2019,SBL-2019,S,28,22,33.34243,-104.333,long,nocturnal,0
SBL30,SBL,2019,SBL-2019,S,24,21,33.34243,-104.333,long,nocturnal,0
SBL31,SBL,2019,SBL-2019,S,23,20,33.34243,-104.333,long,nocturnal,0
SCL01,SCL,2019,SCL-2019,S,8,4,33.5655,-101.80032,long,nocturnal,0
SCL02,SCL,2019,SCL-2019,S,16,12,33.5655,-101.80032,long,nocturnal,0
SCL03,SCL,2019,SCL-2019,S,22,15,33.5655,-101.80032,long,nocturnal,0
SCL04,SCL,2019,SCL-2019,S,30,15,33.5655,-101.80032,long,nocturnal,0
SCL05,SCL,2019,SCL-2019,S,21,16,33.5655,-101.80032,long,nocturnal,0
SCL06,SCL,2019,SCL-2019,S,21,12,33.5655,-101.80032,long,nocturnal,0
SCL07,SCL,2019,SCL-2019,S,25,11,33.5655,-101.80032,long,nocturnal,0
SCL08,SCL,2019,SCL-2019,S,17,16,33.5655,-101.80032,long,nocturnal,0
SCL09,SCL,2019,SCL-2019,S,9,6,33.5655,-101.80032,long,nocturnal,0
SCL10,SCL,2019,SCL-2019,S,42,23,33.5655,-101.80032,long,nocturnal,0
SCL11,SCL,2019,SCL-2019,S,24,11,33.5655,-101.80032,long,nocturnal,0
SCL12,SCL,2019,SCL-2019,S,31,21,33.5655,-101.80032,long,nocturnal,0
SCL13,SCL,2019,SCL-2019,S,26,21,33.5655,-101.80032,long,nocturnal,0
SCL14,SCL,2019,SCL-2019,S,15,9,33.5655,-101.80032,long,nocturnal,0
SCL15,SCL,2019,SCL-2019,S,18,10,33.5655,-101.80032,long,nocturnal,0
SCL16,SCL,2019,SCL-2019,S,21,16,33.5655,-101.80032,long,nocturnal,0
SCL17,SCL,2019,SCL-2019,S,13,1,33.5655,-101.80032,long,nocturnal,0
SCL18,SCL,2019,SCL-2019,S,16,10,33.5655,-101.80032,long,nocturnal,0
SCL19,SCL,2019,SCL-2019,S,28,13,33.5655,-101.80032,long,nocturnal,0
SCL20,SCL,2019,SCL-2019,S,40,30,33.5655,-101.80032,long,nocturnal,0
SCL21,SCL,2019,SCL-2019,S,24,20,33.5655,-101.80032,long,nocturnal,0
SCL22,SCL,2019,SCL-2019,S,31,17,33.5655,-101.80032,long,nocturnal,0
SCL23,SCL,2019,SCL-2019,S,17,6,33.5655,-101.80032,long,nocturnal,0
SCL24,SCL,2019,SCL-2019,S,15,10,33.5655,-101.80032,long,nocturnal,0
SCL25,SCL,2019,SCL-2019,S,18,14,33.5655,-101.80032,long,nocturnal,0
SCL26,SCL,2019,SCL-2019,S,27,19,33.5655,-101.80032,long,nocturnal,0
SCL27,SCL,2019,SCL-2019,S,24,18,33.5655,-101.80032,long,nocturnal,0
SCL28,SCL,2019,SCL-2019,S,21,20,33.5655,-101.80032,long,nocturnal,0
SCL29,SCL,2019,SCL-2019,S,7,0,33.5655,-101.80032,long,nocturnal,0
SCL30,SCL,2019,SCL-2019,S,33,17,33.5655,-101.80032,long,nocturnal,0
SFP01,SFP,2018,SFP-2018,S,38,16,47.05173,-96.427291,long,diurnal,1
SFP02,SFP,2018,SFP-2018,S,14,11,47.05173,-96.427291,long,diurnal,1
SFP03,SFP,2018,SFP-2018,S,21,17,47.05173,-96.427291,long,diurnal,1
SFP04,SFP,2018,SFP-2018,S,77,47,47.05173,-96.427291,long,diurnal,1
SFP05,SFP,2018,SFP-2018,S,31,25,47.05173,-96.427291,long,diurnal,1
SFP06,SFP,2018,SFP-2018,S,19,12,47.05173,-96.427291,long,diurnal,1
SFP07,SFP,2018,SFP-2018,S,52,24,47.05173,-96.427291,long,diurnal,1
SFP08,SFP,2018,SFP-2018,S,37,32,47.05173,-96.427291,long,diurnal,1
SFP09,SFP,2018,SFP-2018,S,38,32,47.05173,-96.427291,long,diurnal,1
SFP10,SFP,2018,SFP-2018,S,17,13,47.05173,-96.427291,long,diurnal,1
SFP11,SFP,2018,SFP-2018,S,18,8,47.05173,-96.427291,long,diurnal,1
SFP12,SFP,2018,SFP-2018,S,17,17,47.05173,-96.427291,long,diurnal,1
SFP13,SFP,2018,SFP-2018,S,43,34,47.05173,-96.427291,long,diurnal,1
SFP14,SFP,2018,SFP-2018,S,19,15,47.05173,-96.427291,long,diurnal,1
SFP15,SFP,2018,SFP-2018,S,17,13,47.05173,-96.427291,long,diurnal,1
SFP16,SFP,2018,SFP-2018,S,48,28,47.05173,-96.427291,long,diurnal,1
SFP17,SFP,2018,SFP-2018,S,10,7,47.05173,-96.427291,long,diurnal,1
SFP18,SFP,2018,SFP-2018,S,25,20,47.05173,-96.427291,long,diurnal,1
SFP19,SFP,2018,SFP-2018,S,20,18,47.05173,-96.427291,long,diurnal,1
SFP20,SFP,2018,SFP-2018,S,18,16,47.05173,-96.427291,long,diurnal,1
SFP21,SFP,2018,SFP-2018,S,18,12,47.05173,-96.427291,long,diurnal,1
SFP22,SFP,2018,SFP-2018,S,15,12,47.05173,-96.427291,long,diurnal,1
SFP23,SFP,2018,SFP-2018,S,41,25,47.05173,-96.427291,long,diurnal,1
SFP24,SFP,2018,SFP-2018,S,12,9,47.05173,-96.427291,long,diurnal,1
SFP25,SFP,2018,SFP-2018,S,28,18,47.05173,-96.427291,long,diurnal,1
SFP26,SFP,2018,SFP-2018,S,15,7,47.05173,-96.427291,long,diurnal,1
SFP27,SFP,2018,SFP-2018,S,22,12,47.05173,-96.427291,long,diurnal,1
SFP28,SFP,2018,SFP-2018,S,19,15,47.05173,-96.427291,long,diurnal,1
SFP29,SFP,2018,SFP-2018,S,19,17,47.05173,-96.427291,long,diurnal,1
SFP30,SFP,2018,SFP-2018,S,60,45,47.05173,-96.427291,long,diurnal,1
SIC01,SIC,2019,SIC-2019,S,19,12,30.486035,-101.7882521,short,nocturnal,0
SIC02,SIC,2019,SIC-2019,S,30,24,30.486035,-101.7882521,short,nocturnal,0
SIC03,SIC,2019,SIC-2019,S,18,12,30.486035,-101.7882521,short,nocturnal,0
SIC04,SIC,2019,SIC-2019,S,4,3,30.486035,-101.7882521,short,nocturnal,0
SIC05,SIC,2019,SIC-2019,S,11,10,30.486035,-101.7882521,short,nocturnal,0
SIC06,SIC,2019,SIC-2019,S,18,10,30.486035,-101.7882521,short,nocturnal,0
SIC07,SIC,2019,SIC-2019,S,54,27,30.486035,-101.7882521,short,nocturnal,0
SIC08,SIC,2019,SIC-2019,S,16,12,30.486035,-101.7882521,short,nocturnal,0
SIC09,SIC,2019,SIC-2019,S,16,7,30.486035,-101.7882521,short,nocturnal,0
SIC10,SIC,2019,SIC-2019,S,17,10,30.486035,-101.7882521,short,nocturnal,0
SIC11,SIC,2019,SIC-2019,S,19,8,30.486035,-101.7882521,short,nocturnal,0
SIC12,SIC,2019,SIC-2019,S,12,10,30.486035,-101.7882521,short,nocturnal,0
SIC13,SIC,2019,SIC-2019,S,24,18,30.486035,-101.7882521,short,nocturnal,0
SIC14,SIC,2019,SIC-2019,S,17,11,30.486035,-101.7882521,short,nocturnal,0
SIC15,SIC,2019,SIC-2019,S,21,14,30.486035,-101.7882521,short,nocturnal,0
SIC16,SIC,2019,SIC-2019,S,8,8,30.486035,-101.7882521,short,nocturnal,0
SIC17,SIC,2019,SIC-2019,S,19,15,30.486035,-101.7882521,short,nocturnal,0
SIC18,SIC,2019,SIC-2019,S,17,14,30.486035,-101.7882521,short,nocturnal,0
SIC19,SIC,2019,SIC-2019,S,15,8,30.486035,-101.7882521,short,nocturnal,0
SIC20,SIC,2019,SIC-2019,S,31,23,30.486035,-101.7882521,short,nocturnal,0
SIC21,SIC,2019,SIC-2019,S,11,9,30.486035,-101.7882521,short,nocturnal,0
SIC22,SIC,2019,SIC-2019,S,21,15,30.486035,-101.7882521,short,nocturnal,0
SIC23,SIC,2019,SIC-2019,S,17,9,30.486035,-101.7882521,short,nocturnal,0
SIC24,SIC,2019,SIC-2019,S,9,4,30.486035,-101.7882521,short,nocturnal,0
SIC25,SIC,2019,SIC-2019,S,12,9,30.486035,-101.7882521,short,nocturnal,0
SIC26,SIC,2019,SIC-2019,S,17,11,30.486035,-101.7882521,short,nocturnal,0
SIC27,SIC,2019,SIC-2019,S,21,11,30.486035,-101.7882521,short,nocturnal,0
SIC28,SIC,2019,SIC-2019,S,20,14,30.486035,-101.7882521,short,nocturnal,0
SIC29,SIC,2019,SIC-2019,S,20,13,30.486035,-101.7882521,short,nocturnal,0
SIC30,SIC,2019,SIC-2019,S,12,11,30.486035,-101.7882521,short,nocturnal,0
SIC31,SIC,2019,SIC-2019,S,14,12,30.486035,-101.7882521,short,nocturnal,0
SILB-2018-01,SILB,2018,SILB-2018,S,33,11,42.44124,-87.80295,long,diurnal,0
SILB-2018-02,SILB,2018,SILB-2018,S,10,5,42.44124,-87.80295,long,diurnal,0
SILB-2018-03,SILB,2018,SILB-2018,S,34,12,42.44124,-87.80295,long,diurnal,0
SILB-2018-04,SILB,2018,SILB-2018,S,35,10,42.44124,-87.80295,long,diurnal,0
SILB-2018-05,SILB,2018,SILB-2018,S,51,14,42.44124,-87.80295,long,diurnal,0
SILB-2018-06,SILB,2018,SILB-2018,S,32,10,42.44124,-87.80295,long,diurnal,0
SILB-2018-07,SILB,2018,SILB-2018,S,37,2,42.44124,-87.80295,long,diurnal,0
SILB-2018-08,SILB,2018,SILB-2018,S,31,8,42.44124,-87.80295,long,diurnal,0
SILB-2018-09,SILB,2018,SILB-2018,S,7,5,42.44124,-87.80295,long,diurnal,0
SILB-2018-10,SILB,2018,SILB-2018,S,27,17,42.44124,-87.80295,long,diurnal,0
SILB-2018-11,SILB,2018,SILB-2018,S,68,10,42.44124,-87.80295,long,diurnal,0
SILB-2018-12,SILB,2018,SILB-2018,S,44,6,42.44124,-87.80295,long,diurnal,0
SILB-2018-13,SILB,2018,SILB-2018,S,33,12,42.44124,-87.80295,long,diurnal,0
SILB-2018-14,SILB,2018,SILB-2018,S,18,7,42.44124,-87.80295,long,diurnal,0
SILB-2018-15,SILB,2018,SILB-2018,S,34,6,42.44124,-87.80295,long,diurnal,0
SILB-2018-16,SILB,2018,SILB-2018,S,23,15,42.44124,-87.80295,long,diurnal,0
SILB-2018-17,SILB,2018,SILB-2018,S,65,20,42.44124,-87.80295,long,diurnal,0
SILB-2018-18,SILB,2018,SILB-2018,S,19,5,42.44124,-87.80295,long,diurnal,0
SILB-2018-19,SILB,2018,SILB-2018,S,62,23,42.44124,-87.80295,long,diurnal,0
SILB-2018-20,SILB,2018,SILB-2018,S,29,5,42.44124,-87.80295,long,diurnal,0
SILB-2018-21,SILB,2018,SILB-2018,S,41,15,42.44124,-87.80295,long,diurnal,0
SILB-2018-22,SILB,2018,SILB-2018,S,37,2,42.44124,-87.80295,long,diurnal,0
SILB-2018-23,SILB,2018,SILB-2018,S,10,1,42.44124,-87.80295,long,diurnal,0
SILB-2018-24,SILB,2018,SILB-2018,S,14,3,42.44124,-87.80295,long,diurnal,0
SILB-2018-25,SILB,2018,SILB-2018,S,28,3,42.44124,-87.80295,long,diurnal,0
SILB-2018-26,SILB,2018,SILB-2018,S,87,42,42.44124,-87.80295,long,diurnal,0
SILB-2018-27,SILB,2018,SILB-2018,S,54,5,42.44124,-87.80295,long,diurnal,0
SILB-2018-28,SILB,2018,SILB-2018,S,48,8,42.44124,-87.80295,long,diurnal,0
SILB-2018-29,SILB,2018,SILB-2018,S,41,12,42.44124,-87.80295,long,diurnal,0
SILB-2018-30,SILB,2018,SILB-2018,S,79,33,42.44124,-87.80295,long,diurnal,0
SILB01,SILB,2017,SILB-2017,S,85,26,42.44124,-87.80295,long,diurnal,1
SILB02,SILB,2017,SILB-2017,S,31,8,42.44124,-87.80295,long,diurnal,1
SILB03,SILB,2017,SILB-2017,S,11,2,42.44124,-87.80295,long,diurnal,1
SILB04,SILB,2017,SILB-2017,S,22,3,42.44124,-87.80295,long,diurnal,1
SILB05,SILB,2017,SILB-2017,S,41,3,42.44124,-87.80295,long,diurnal,1
SILB06,SILB,2017,SILB-2017,S,61,8,42.44124,-87.80295,long,diurnal,1
SILB07,SILB,2017,SILB-2017,S,20,9,42.44124,-87.80295,long,diurnal,1
SILB08,SILB,2017,SILB-2017,S,32,5,42.44124,-87.80295,long,diurnal,1
SILB09,SILB,2017,SILB-2017,S,35,7,42.44124,-87.80295,long,diurnal,1
SILB10,SILB,2017,SILB-2017,S,25,16,42.44124,-87.80295,long,diurnal,1
SILB11,SILB,2017,SILB-2017,S,44,4,42.44124,-87.80295,long,diurnal,1
SILB12,SILB,2017,SILB-2017,S,38,0,42.44124,-87.80295,long,diurnal,1
SILB13,SILB,2017,SILB-2017,S,23,0,42.44124,-87.80295,long,diurnal,1
SILB14,SILB,2017,SILB-2017,S,43,2,42.44124,-87.80295,long,diurnal,1
SILB15,SILB,2017,SILB-2017,S,32,0,42.44124,-87.80295,long,diurnal,1
SILB16,SILB,2017,SILB-2017,S,85,22,42.44124,-87.80295,long,diurnal,1
SILB17,SILB,2017,SILB-2017,S,103,17,42.44124,-87.80295,long,diurnal,1
SILB18,SILB,2017,SILB-2017,S,92,18,42.44124,-87.80295,long,diurnal,1
SILB19,SILB,2017,SILB-2017,S,25,3,42.44124,-87.80295,long,diurnal,1
SILB20,SILB,2017,SILB-2017,S,53,8,42.44124,-87.80295,long,diurnal,1
SILB21,SILB,2017,SILB-2017,S,118,26,42.44124,-87.80295,long,diurnal,1
SILB22,SILB,2017,SILB-2017,S,72,8,42.44124,-87.80295,long,diurnal,1
SILB23,SILB,2017,SILB-2017,S,35,12,42.44124,-87.80295,long,diurnal,1
SILB24,SILB,2017,SILB-2017,S,45,10,42.44124,-87.80295,long,diurnal,1
SILB25,SILB,2017,SILB-2017,S,71,13,42.44124,-87.80295,long,diurnal,1
SILB26,SILB,2017,SILB-2017,S,41,14,42.44124,-87.80295,long,diurnal,1
SILB27,SILB,2017,SILB-2017,S,51,10,42.44124,-87.80295,long,diurnal,1
SILB28,SILB,2017,SILB-2017,S,12,1,42.44124,-87.80295,long,diurnal,1
SILB29,SILB,2017,SILB-2017,S,52,10,42.44124,-87.80295,long,diurnal,1
SILB30,SILB,2017,SILB-2017,S,61,16,42.44124,-87.80295,long,diurnal,1
SMP01,SMP,2019,SMP-2019,S,20,4,32.2852116,-100.7884505,short,diurnal,0
SMP02,SMP,2019,SMP-2019,S,18,10,32.2852116,-100.7884505,short,diurnal,0
SMP03,SMP,2019,SMP-2019,S,16,8,32.2852116,-100.7884505,short,diurnal,0
SMP04,SMP,2019,SMP-2019,S,29,6,32.2852116,-100.7884505,short,diurnal,0
SMP05,SMP,2019,SMP-2019,S,30,19,32.2852116,-100.7884505,short,diurnal,0
SMP06,SMP,2019,SMP-2019,S,23,11,32.2852116,-100.7884505,short,diurnal,0
SMP07,SMP,2019,SMP-2019,S,22,13,32.2852116,-100.7884505,short,diurnal,0
SMP08,SMP,2019,SMP-2019,S,44,25,32.2852116,-100.7884505,short,diurnal,0
SMP09,SMP,2019,SMP-2019,S,45,19,32.2852116,-100.7884505,short,diurnal,0
SMP10,SMP,2019,SMP-2019,S,34,7,32.2852116,-100.7884505,short,diurnal,0
SMP11,SMP,2019,SMP-2019,S,36,24,32.2852116,-100.7884505,short,diurnal,0
SMP12,SMP,2019,SMP-2019,S,33,14,32.2852116,-100.7884505,short,diurnal,0
SMP13,SMP,2019,SMP-2019,S,27,10,32.2852116,-100.7884505,short,diurnal,0
SMP14,SMP,2019,SMP-2019,S,34,16,32.2852116,-100.7884505,short,diurnal,0
SMP15,SMP,2019,SMP-2019,S,20,10,32.2852116,-100.7884505,short,diurnal,0
SMP16,SMP,2019,SMP-2019,S,17,3,32.2852116,-100.7884505,short,diurnal,0
SMP17,SMP,2019,SMP-2019,S,22,5,32.2852116,-100.7884505,short,diurnal,0
SMP18,SMP,2019,SMP-2019,S,23,10,32.2852116,-100.7884505,short,diurnal,0
SMP19,SMP,2019,SMP-2019,S,65,14,32.2852116,-100.7884505,short,diurnal,0
SMP20,SMP,2019,SMP-2019,S,35,8,32.2852116,-100.7884505,short,diurnal,0
SMP21,SMP,2019,SMP-2019,S,42,19,32.2852116,-100.7884505,short,diurnal,0
SMP22,SMP,2019,SMP-2019,S,27,10,32.2852116,-100.7884505,short,diurnal,0
SMP23,SMP,2019,SMP-2019,S,15,4,32.2852116,-100.7884505,short,diurnal,0
SMP24,SMP,2019,SMP-2019,S,40,27,32.2852116,-100.7884505,short,diurnal,0
SMP25,SMP,2019,SMP-2019,S,38,18,32.2852116,-100.7884505,short,diurnal,0
SMP26,SMP,2019,SMP-2019,S,28,9,32.2852116,-100.7884505,short,diurnal,0
SMP27,SMP,2019,SMP-2019,S,21,15,32.2852116,-100.7884505,short,diurnal,0
SMP28,SMP,2019,SMP-2019,S,25,19,32.2852116,-100.7884505,short,diurnal,0
SMP29,SMP,2019,SMP-2019,S,43,14,32.2852116,-100.7884505,short,diurnal,0
SMP30,SMP,2019,SMP-2019,S,36,18,32.2852116,-100.7884505,short,diurnal,0
SNRM-2018-01,SNRM,2018,SNRM-2018,S,30,2,41.89933,-89.34156,long,diurnal,0
SNRM-2018-02,SNRM,2018,SNRM-2018,S,29,8,41.89933,-89.34156,long,diurnal,0
SNRM-2018-03,SNRM,2018,SNRM-2018,S,41,6,41.89933,-89.34156,long,diurnal,0
SNRM-2018-04,SNRM,2018,SNRM-2018,S,14,3,41.89933,-89.34156,long,diurnal,0
SNRM-2018-05,SNRM,2018,SNRM-2018,S,9,4,41.89933,-89.34156,long,diurnal,0
SNRM-2018-06,SNRM,2018,SNRM-2018,S,11,3,41.89933,-89.34156,long,diurnal,0
SNRM-2018-07,SNRM,2018,SNRM-2018,S,12,1,41.89933,-89.34156,long,diurnal,0
SNRM-2018-08,SNRM,2018,SNRM-2018,S,3,3,41.89933,-89.34156,long,diurnal,0
SNRM-2018-09,SNRM,2018,SNRM-2018,S,17,4,41.89933,-89.34156,long,diurnal,0
SNRM-2018-10,SNRM,2018,SNRM-2018,S,6,1,41.89933,-89.34156,long,diurnal,0
SNRM-2018-11,SNRM,2018,SNRM-2018,S,12,1,41.89933,-89.34156,long,diurnal,0
SNRM-2018-12,SNRM,2018,SNRM-2018,S,31,10,41.89933,-89.34156,long,diurnal,0
SNRM-2018-13,SNRM,2018,SNRM-2018,S,33,6,41.89933,-89.34156,long,diurnal,0
SNRM-2018-14,SNRM,2018,SNRM-2018,S,35,3,41.89933,-89.34156,long,diurnal,0
SNRM-2018-15,SNRM,2018,SNRM-2018,S,15,2,41.89933,-89.34156,long,diurnal,0
SNRM01,SNRM,2017,SNRM-2017,S,90,44,41.89933,-89.34156,long,diurnal,0
SNRM02,SNRM,2017,SNRM-2017,S,41,20,41.89933,-89.34156,long,diurnal,0
SNRM03,SNRM,2017,SNRM-2017,S,87,51,41.89933,-89.34156,long,diurnal,0
SNRM04,SNRM,2017,SNRM-2017,S,33,19,41.89933,-89.34156,long,diurnal,0
SNRM05,SNRM,2017,SNRM-2017,S,40,18,41.89933,-89.34156,long,diurnal,0
SNRM06,SNRM,2017,SNRM-2017,S,47,17,41.89933,-89.34156,long,diurnal,0
SNRM07,SNRM,2017,SNRM-2017,S,52,5,41.89933,-89.34156,long,diurnal,0
SNRM08,SNRM,2017,SNRM-2017,S,48,22,41.89933,-89.34156,long,diurnal,0
SNRM09,SNRM,2017,SNRM-2017,S,41,25,41.89933,-89.34156,long,diurnal,0
SNRM10,SNRM,2017,SNRM-2017,S,70,36,41.89933,-89.34156,long,diurnal,0
SNRM11,SNRM,2017,SNRM-2017,S,20,12,41.89933,-89.34156,long,diurnal,0
SNRM12,SNRM,2017,SNRM-2017,S,61,31,41.89933,-89.34156,long,diurnal,0
SNRM13,SNRM,2017,SNRM-2017,S,8,3,41.89933,-89.34156,long,diurnal,0
SNRM14,SNRM,2017,SNRM-2017,S,42,23,41.89933,-89.34156,long,diurnal,0
SNRM15,SNRM,2017,SNRM-2017,S,65,42,41.89933,-89.34156,long,diurnal,0
SNRM16,SNRM,2017,SNRM-2017,S,29,12,41.89933,-89.34156,long,diurnal,0
SNRM17,SNRM,2017,SNRM-2017,S,41,19,41.89933,-89.34156,long,diurnal,0
SNRM18,SNRM,2017,SNRM-2017,S,41,6,41.89933,-89.34156,long,diurnal,0
SNRM19,SNRM,2017,SNRM-2017,S,66,23,41.89933,-89.34156,long,diurnal,0
SNRM20,SNRM,2017,SNRM-2017,S,129,54,41.89933,-89.34156,long,diurnal,0
SNRM21,SNRM,2017,SNRM-2017,S,34,9,41.89933,-89.34156,long,diurnal,0
SNRM22,SNRM,2017,SNRM-2017,S,17,9,41.89933,-89.34156,long,diurnal,0
SNRM23,SNRM,2017,SNRM-2017,S,63,23,41.89933,-89.34156,long,diurnal,0
SNRM24,SNRM,2017,SNRM-2017,S,49,27,41.89933,-89.34156,long,diurnal,0
SNRM25,SNRM,2017,SNRM-2017,S,10,7,41.89933,-89.34156,long,diurnal,0
SNRM26,SNRM,2017,SNRM-2017,S,8,5,41.89933,-89.34156,long,diurnal,0
SNRM27,SNRM,2017,SNRM-2017,S,12,6,41.89933,-89.34156,long,diurnal,0
SNRM28,SNRM,2017,SNRM-2017,S,43,1,41.89933,-89.34156,long,diurnal,0
SNRM29,SNRM,2017,SNRM-2017,S,54,5,41.89933,-89.34156,long,diurnal,0
SNRM30,SNRM,2017,SNRM-2017,S,14,1,41.89933,-89.34156,long,diurnal,0
SSC01,SSC,2018,SSC-2018,S,37,15,44.55531,-92.59423,long,diurnal,0
SSC02,SSC,2018,SSC-2018,S,38,31,44.55531,-92.59423,long,diurnal,0
SSC03,SSC,2018,SSC-2018,S,21,16,44.55531,-92.59423,long,diurnal,0
SSC04,SSC,2018,SSC-2018,S,41,20,44.55531,-92.59423,long,diurnal,0
SSC05,SSC,2018,SSC-2018,S,53,25,44.55531,-92.59423,long,diurnal,0
SSC06,SSC,2018,SSC-2018,S,9,8,44.55531,-92.59423,long,diurnal,0
SSC07,SSC,2018,SSC-2018,S,16,13,44.55531,-92.59423,long,diurnal,0
SSC08,SSC,2018,SSC-2018,S,45,28,44.55531,-92.59423,long,diurnal,0
SSC09,SSC,2018,SSC-2018,S,20,10,44.55531,-92.59423,long,diurnal,0
SSC10,SSC,2018,SSC-2018,S,57,26,44.55531,-92.59423,long,diurnal,0
SSC11,SSC,2018,SSC-2018,S,20,9,44.55531,-92.59423,long,diurnal,0
SSC12,SSC,2018,SSC-2018,S,45,33,44.55531,-92.59423,long,diurnal,0
SSC13,SSC,2018,SSC-2018,S,9,1,44.55531,-92.59423,long,diurnal,0
SSC14,SSC,2018,SSC-2018,S,14,3,44.55531,-92.59423,long,diurnal,0
SSC15,SSC,2018,SSC-2018,S,20,9,44.55531,-92.59423,long,diurnal,0
SSC16,SSC,2018,SSC-2018,S,75,46,44.55531,-92.59423,long,diurnal,0
SSC17,SSC,2018,SSC-2018,S,45,31,44.55531,-92.59423,long,diurnal,0
SSC18,SSC,2018,SSC-2018,S,27,9,44.55531,-92.59423,long,diurnal,0
SSC19,SSC,2018,SSC-2018,S,39,14,44.55531,-92.59423,long,diurnal,0
SSC20,SSC,2018,SSC-2018,S,80,49,44.55531,-92.59423,long,diurnal,0
SSC21,SSC,2018,SSC-2018,S,16,8,44.55531,-92.59423,long,diurnal,0
SSC22,SSC,2018,SSC-2018,S,28,16,44.55531,-92.59423,long,diurnal,0
SSC23,SSC,2018,SSC-2018,S,55,21,44.55531,-92.59423,long,diurnal,0
SSC24,SSC,2018,SSC-2018,S,27,17,44.55531,-92.59423,long,diurnal,0
SSC25,SSC,2018,SSC-2018,S,26,16,44.55531,-92.59423,long,diurnal,0
SSC26,SSC,2018,SSC-2018,S,24,12,44.55531,-92.59423,long,diurnal,0
SSC27,SSC,2018,SSC-2018,S,23,12,44.55531,-92.59423,long,diurnal,0
SSC28,SSC,2018,SSC-2018,S,42,34,44.55531,-92.59423,long,diurnal,0
SSC29,SSC,2018,SSC-2018,S,26,10,44.55531,-92.59423,long,diurnal,0
SSC30,SSC,2018,SSC-2018,S,34,20,44.55531,-92.59423,long,diurnal,0
SYH01,SYH,2019,SYH-2019,S,12,5,32.03469,-104.4479,short,diurnal,0
SYH02,SYH,2019,SYH-2019,S,10,7,32.03469,-104.4479,short,diurnal,0
SYH03,SYH,2019,SYH-2019,S,14,11,32.03469,-104.4479,short,diurnal,0
SYH04,SYH,2019,SYH-2019,S,14,4,32.03469,-104.4479,short,diurnal,0
SYH05,SYH,2019,SYH-2019,S,9,4,32.03469,-104.4479,short,diurnal,0
SYH06,SYH,2019,SYH-2019,S,19,7,32.03469,-104.4479,short,diurnal,0
SYH07,SYH,2019,SYH-2019,S,21,10,32.03469,-104.4479,short,diurnal,0
SYH08,SYH,2019,SYH-2019,S,10,5,32.03469,-104.4479,short,diurnal,0
SYH09,SYH,2019,SYH-2019,S,16,9,32.03469,-104.4479,short,diurnal,0
SYH10,SYH,2019,SYH-2019,S,7,5,32.03469,-104.4479,short,diurnal,0
SYH11,SYH,2019,SYH-2019,S,26,20,32.03469,-104.4479,short,diurnal,0
SYH12,SYH,2019,SYH-2019,S,12,5,32.03469,-104.4479,short,diurnal,0
SYH13,SYH,2019,SYH-2019,S,32,17,32.03469,-104.4479,short,diurnal,0
SYH14,SYH,2019,SYH-2019,S,11,9,32.03469,-104.4479,short,diurnal,0
SYH15,SYH,2019,SYH-2019,S,16,13,32.03469,-104.4479,short,diurnal,0
SYH16,SYH,2019,SYH-2019,S,32,18,32.03469,-104.4479,short,diurnal,0
SYH17,SYH,2019,SYH-2019,S,13,6,32.03469,-104.4479,short,diurnal,0
SYH18,SYH,2019,SYH-2019,S,34,22,32.03469,-104.4479,short,diurnal,0
SYH19,SYH,2019,SYH-2019,S,22,10,32.03469,-104.4479,short,diurnal,0
SYH20,SYH,2019,SYH-2019,S,11,6,32.03469,-104.4479,short,diurnal,0
SYH21,SYH,2019,SYH-2019,S,26,16,32.03469,-104.4479,short,diurnal,0
SYH22,SYH,2019,SYH-2019,S,27,19,32.03469,-104.4479,short,diurnal,0
SYH23,SYH,2019,SYH-2019,S,40,26,32.03469,-104.4479,short,diurnal,0
SYH24,SYH,2019,SYH-2019,S,36,22,32.03469,-104.4479,short,diurnal,0
SYH25,SYH,2019,SYH-2019,S,18,10,32.03469,-104.4479,short,diurnal,0
SYH26,SYH,2019,SYH-2019,S,23,13,32.03469,-104.4479,short,diurnal,0
SYH27,SYH,2019,SYH-2019,S,21,7,32.03469,-104.4479,short,diurnal,0
SYH28,SYH,2019,SYH-2019,S,31,14,32.03469,-104.4479,short,diurnal,0
SYH29,SYH,2019,SYH-2019,S,29,2,32.03469,-104.4479,short,diurnal,0
SYH30,SYH,2019,SYH-2019,S,19,5,32.03469,-104.4479,short,diurnal,0
